psid,n
85syV5osN2U-1IaS-BLtvw**,1
85syV5osN2U-fr5cNAt4WQ**,1
85syV5osN2U-hXb74Xu54Q**,2
85syV5osN2U-iVRIlu0O0w**,1
85syV5osN2U-m77SBqjE_g**,1
85syV5osN2U-Md7FUnw1Sg**,1
85syV5osN2U-SLLuY0sHGA**,1
85syV5osN2U-SRKo22kK8Q**,1
85syV5osN2U-u-Yb-ppEBw**,1
85syV5osN2U-UdKaJcEDfg**,1
85syV5osN2U-VC-do1hMvw**,1
85syV5osN2U_3MRGY3h0lw**,1
85syV5osN2U_AsdPveugeQ**,1
85syV5osN2U_Kn0PEpRguQ**,1
85syV5osN2U_pMBfZQ3dkg**,1
85syV5osN2U_RBS_ertzuQ**,3
85syV5osN2U_UQwYrTKDrw**,1
85syV5osN2U0_iNAJHy9CA**,1
85syV5osN2U0_zkGZBX0cg**,2
85syV5osN2U019g6tqmZHw**,1
85syV5osN2U0EGm4qGre5Q**,1
85syV5osN2U0G5OG-3f-wA**,1
85syV5osN2U0gJUd12IvuA**,1
85syV5osN2U0HtYTsjhxiw**,1
85syV5osN2U0IMVSRTRsOA**,1
85syV5osN2U0JPSAcXd4kg**,1
85syV5osN2U0L7EEsxxx2g**,1
85syV5osN2U0qGyyZb8x8g**,1
85syV5osN2U0vcxznGorPg**,1
85syV5osN2U11dTS8NANQA**,1
85syV5osN2U12E4BpbE_gg**,1
85syV5osN2U16-PPy5ATMw**,1
85syV5osN2U1BF8WSyTnZQ**,1
85syV5osN2U1c4kbGiCvjA**,1
85syV5osN2U1czFBhYdtBg**,1
85syV5osN2U1Nr0UsfOdIg**,1
85syV5osN2U1saTAuIqP8Q**,1
85syV5osN2U2-G3Ox7xCBA**,1
85syV5osN2U22cdscJFzFw**,1
85syV5osN2U2axotc6aSLg**,1
85syV5osN2U2AZNcfJ6jcQ**,1
85syV5osN2U2fCfSyD3Wwg**,1
85syV5osN2U2gMhDYFe_qQ**,1
85syV5osN2U2jyTj1Vf0Eg**,1
85syV5osN2U2ltuq_1b-3g**,1
85syV5osN2U2oflK1zUvUw**,2
85syV5osN2U2rRaNflE-Qg**,1
85syV5osN2U2uWQwQLBWFw**,1
85syV5osN2U2wxlZVj4dtw**,1
85syV5osN2U2xidHj5SH4Q**,1
85syV5osN2U3AFUHDaoASQ**,1
85syV5osN2U3dhnmX9kFrw**,1
85syV5osN2U3JCqCO968nQ**,1
85syV5osN2U3jD9G4iE51w**,1
85syV5osN2U3kTjeJt93AQ**,1
85syV5osN2U3XsUIF2ethg**,1
85syV5osN2U43q9-0TB_ZA**,1
85syV5osN2U43Xm4IIxLgw**,1
85syV5osN2U49G-HvAu64w**,1
85syV5osN2U4Dr1_ZZevUA**,1
85syV5osN2U4EIRYBErGMw**,1
85syV5osN2U4EsIjSsmirQ**,1
85syV5osN2U4mg5mGwcVww**,1
85syV5osN2U4mvxRTzlKXA**,1
85syV5osN2U4NglEqusQLg**,1
85syV5osN2U4NUAwcanEEQ**,1
85syV5osN2U4oEHKOkRmIw**,1
85syV5osN2U4P5zdHWFxuA**,1
85syV5osN2U4RDC_j-hvlw**,1
85syV5osN2U4stkTliLCnQ**,1
85syV5osN2U4yDfP8FdAUA**,1
85syV5osN2U5_poeun_v1A**,1
85syV5osN2U53_wQ9UsYIg**,1
85syV5osN2U5cIHwGdXwWQ**,1
85syV5osN2U5K7yjVb_Vuw**,1
85syV5osN2U5UAVHFPqzqw**,1
85syV5osN2U5VBsc7WgxfQ**,1
85syV5osN2U68wROyw028A**,1
85syV5osN2U6AAk_aJQBfA**,1
85syV5osN2U6AiqF0NNhww**,1
85syV5osN2U6I_9KMu-EZg**,1
85syV5osN2U6psEI-dVjKA**,1
85syV5osN2U6t5KhR_VhPA**,1
85syV5osN2U6U-bjkLB3zA**,1
85syV5osN2U6ZLGhkPGFJA**,1
85syV5osN2U7asjuq2ufVg**,1
85syV5osN2U7HfPpXCVeMw**,1
85syV5osN2U7nPvI_mQ5NQ**,1
85syV5osN2U7Sh-jy1-I7g**,1
85syV5osN2U7TvHelGcRvA**,1
85syV5osN2U7Yok-XCom3A**,1
85syV5osN2U7YQij2aUDsQ**,1
85syV5osN2U81q8ZIcTb4Q**,1
85syV5osN2U848lDJPalpg**,1
85syV5osN2U8aajaJSucFw**,1
85syV5osN2U8AumZJDtugg**,1
85syV5osN2U8CMQDWF8jkQ**,1
85syV5osN2U8gMTS0kVT9g**,1
85syV5osN2U8k0I8ApMBbw**,1
85syV5osN2U8raFl86WXlw**,1
85syV5osN2U8tu48kwEkLg**,1
85syV5osN2U8v4blvqqoXA**,1
85syV5osN2U8vWFPLgfKOw**,1
85syV5osN2U8WHoFckygVA**,1
85syV5osN2U8Wrx0bqB1DA**,1
85syV5osN2U8x8rb13phUQ**,1
85syV5osN2U8YSd-PC75eg**,1
85syV5osN2U8zFhjWjQ7Aw**,1
85syV5osN2U91eyoLz68Wg**,1
85syV5osN2U91Q9bdPhIdw**,1
85syV5osN2U96CJ_lY5-1w**,1
85syV5osN2U98Yunx11BZg**,1
85syV5osN2U9bFoilL_14Q**,1
85syV5osN2U9Jvc9Dzmzzg**,1
85syV5osN2U9p2Xzbcshtg**,1
85syV5osN2U9qLBXhFwj9A**,1
85syV5osN2U9Unt5V1rQ6g**,1
85syV5osN2U9Yfr9H1taJA**,1
85syV5osN2U9Ze37JmJTrQ**,1
85syV5osN2U9zhEPu2WDTg**,1
85syV5osN2UA-6Egrixhxg**,1
85syV5osN2UA3jAuo5jU8w**,1
85syV5osN2UaAb4AQby5AQ**,2
85syV5osN2UAAMSTZtoGaA**,1
85syV5osN2UAdrI9fP2w7A**,1
85syV5osN2UagIJCrV0Ulw**,1
85syV5osN2UaHyNxFo4joQ**,1
85syV5osN2UAliLarjfaCg**,1
85syV5osN2UAMJ7v4pXG7A**,1
85syV5osN2UaOYJBSmtcmA**,1
85syV5osN2UAqad4xEdYNQ**,1
85syV5osN2UAQcyorAlUgA**,1
85syV5osN2UaSoA2Y93BNg**,1
85syV5osN2UAugD6-Ndpqw**,1
85syV5osN2Ub53hy1S2ZFg**,1
85syV5osN2UB5e81kg-lbA**,1
85syV5osN2UB7Go1e8vgmg**,1
85syV5osN2UBB6SkDRyiwg**,1
85syV5osN2UbhNC1KN7sog**,1
85syV5osN2UBJxe6pPEwHg**,1
85syV5osN2UbnGm0Z5RoeQ**,1
85syV5osN2UBnvnl3mKzJg**,1
85syV5osN2UBor2sP3ak8w**,1
85syV5osN2UbPhEkYqFxJw**,1
85syV5osN2UbSlbeGdwN2A**,1
85syV5osN2UBsZG4DVrQfA**,1
85syV5osN2UBZgq3aeDBdA**,1
85syV5osN2UbzHAiSJ3kcA**,1
85syV5osN2Uc0m0DsNOI8w**,1
85syV5osN2Uc2uNb-Q9rzg**,1
85syV5osN2UC5LyrZYbbRg**,1
85syV5osN2Uc8Q5Zyyz4cw**,1
85syV5osN2UcaPPiPISFGA**,1
85syV5osN2UcaVZKG_A5Jg**,1
85syV5osN2Ucb6pbWuAg9g**,1
85syV5osN2UCbTV25ToEMw**,1
85syV5osN2UCI1uU70l1oQ**,1
85syV5osN2UcKL9YXXdvAA**,1
85syV5osN2UcnXkIdVn6vw**,1
85syV5osN2UcpG_ZfvbSIg**,1
85syV5osN2UcRnqvypN4nA**,1
85syV5osN2UCWtJdBbdYRA**,1
85syV5osN2UcWXUCgIWNyg**,1
85syV5osN2UcYSwsoO-jJA**,1
85syV5osN2UcZLxKwvYzwQ**,1
85syV5osN2Ud5qYrTRJ9og**,1
85syV5osN2UD6mQMipGioA**,1
85syV5osN2UD942fAEJOPw**,1
85syV5osN2Ud9a6lzbOhHQ**,1
85syV5osN2UDeAPMA1nC1Q**,1
85syV5osN2UdePWfC3JdBQ**,1
85syV5osN2UdeR1q5sF5VQ**,1
85syV5osN2UDfvbOujW3Ow**,1
85syV5osN2UDgL86-6Fexg**,1
85syV5osN2UdhCj6CBjHkA**,1
85syV5osN2UDlvK_fteHWQ**,1
85syV5osN2UdMPnxip_Ggg**,1
85syV5osN2UDNOtogD6e3A**,1
85syV5osN2UDOfv3rMsNJQ**,1
85syV5osN2UdpcCI8m0N_w**,1
85syV5osN2UDPO9JUBv5ZA**,1
85syV5osN2UDPxHXVlGo8g**,1
85syV5osN2UDq-P_KDOGYw**,1
85syV5osN2UDQ4yBsRMIAg**,1
85syV5osN2UdSboe9iiFzQ**,1
85syV5osN2UDUcI_xSsIsw**,1
85syV5osN2UDVFAorB6hfw**,1
85syV5osN2UdW1VwNU6srg**,1
85syV5osN2UDyKjODTo24Q**,1
85syV5osN2UdzLg7Rz-yWA**,1
85syV5osN2UDzp4Zo64PTg**,1
85syV5osN2UE0gOATOvdMg**,1
85syV5osN2UeAE4iBfBM6Q**,1
85syV5osN2UeAKaNkRcM3A**,1
85syV5osN2Ued3bdZng2Vg**,1
85syV5osN2UeD8cLyx-Z_w**,1
85syV5osN2UEhjkWmfhI7A**,1
85syV5osN2UEqGyQPLvlgQ**,1
85syV5osN2UeSF3ULvD1kg**,1
85syV5osN2UevejkYpZUOg**,1
85syV5osN2UeyBssu1SwPA**,1
85syV5osN2UEZoLf9BddYg**,1
85syV5osN2UF3UWgVrPDig**,1
85syV5osN2Uf4FDDCvI3sQ**,1
85syV5osN2UfC-bcRcffkw**,1
85syV5osN2UFclsjWM_F2w**,1
85syV5osN2UFDnsjQ8omeA**,1
85syV5osN2UfhLfg3FOqSw**,1
85syV5osN2UfiDVd3K_vDg**,1
85syV5osN2UFJgm3hpbpOw**,1
85syV5osN2UfLHfH7etmDA**,1
85syV5osN2UFM-OepaI1iQ**,1
85syV5osN2UFoCdn8rQyiw**,1
85syV5osN2UFU3RBz7zR_g**,1
85syV5osN2UFuFj4_GpXMg**,1
85syV5osN2UfY_JJnut8tQ**,1
85syV5osN2UFY5XLT7q7Vw**,1
85syV5osN2UFyhz7FVNAXw**,1
85syV5osN2UFYsoWHhmgNQ**,1
85syV5osN2UFzvkR1jPEmw**,1
85syV5osN2Ug1xn3vqEHdQ**,1
85syV5osN2Ug3NPXmFP-HA**,1
85syV5osN2Ug5Ff0mFn18A**,1
85syV5osN2UGA2H6-Xi5Sg**,1
85syV5osN2UgClU9ZiLaCw**,1
85syV5osN2UGCvTTqdGrJQ**,1
85syV5osN2UgdP-JIPaa4A**,1
85syV5osN2UGF_EhS7xNBg**,1
85syV5osN2Ugf9pZtV7jZQ**,2
85syV5osN2UGkjaZ8giENQ**,1
85syV5osN2UGL0nuAkOojA**,1
85syV5osN2UgMZG9pCg_2Q**,1
85syV5osN2UGp2qGzb5YQg**,1
85syV5osN2UgP8UlxP6kQw**,1
85syV5osN2UgRcelBw34tw**,1
85syV5osN2UgvFoGdSeakg**,1
85syV5osN2UGx0reOoe0Fg**,1
85syV5osN2UgxcbTEOjq9A**,1
85syV5osN2UGY_3QjKsLMg**,1
85syV5osN2UH_N6dAkeKew**,1
85syV5osN2Uh1HnvbXiWEg**,1
85syV5osN2UH4F1WifVZCA**,1
85syV5osN2UH8LymSJqS9Q**,1
85syV5osN2UhA1I3EhIi_A**,1
85syV5osN2UHain1ecB83A**,1
85syV5osN2UHc6LI142GTA**,1
85syV5osN2Uhhf8CfKRiFQ**,1
85syV5osN2UhIud7vMI68A**,1
85syV5osN2UhJ0kn0JDAuw**,1
85syV5osN2UHkl3kNGuDow**,1
85syV5osN2UhMAllaydJEw**,1
85syV5osN2UHmeE5hinNJg**,1
85syV5osN2UhmoqPaVmeTw**,1
85syV5osN2UhPo932tA8sQ**,1
85syV5osN2UhQ_Clifsj4A**,2
85syV5osN2UHRcBUmS1Pdg**,1
85syV5osN2UHXrp_FUumaw**,1
85syV5osN2Ui1RM7PRavRQ**,1
85syV5osN2UI49FizsnpYA**,1
85syV5osN2Ui4TjsiNQ8ag**,1
85syV5osN2UIDIJACApr-A**,1
85syV5osN2UIEJJHoLuXsg**,1
85syV5osN2UiELxS0KIA4g**,1
85syV5osN2UIEMpn2iZmbA**,1
85syV5osN2UIEQjuhfAjqQ**,1
85syV5osN2UIf0tP7gs6rg**,1
85syV5osN2UIhBxjwF0mBw**,1
85syV5osN2UIhYErZ_TY6A**,1
85syV5osN2Uii0kmzqvNEg**,1
85syV5osN2UIIM_8fyeNHw**,1
85syV5osN2UIitCLeM2xhQ**,1
85syV5osN2UIOcF5hu9idw**,1
85syV5osN2UisxrKyP6vxQ**,2
85syV5osN2UiuTR_hBOl-g**,1
85syV5osN2UIwHu2KS6cHw**,1
85syV5osN2UiySglpBJXEg**,1
85syV5osN2UIzkvwEOu0wg**,1
85syV5osN2UJ0APLmqu3vw**,1
85syV5osN2UJ1zkQGbcjEg**,1
85syV5osN2Uj5e3u2k-3lw**,1
85syV5osN2Uj5fDLZEEJVQ**,1
85syV5osN2UJ6g_5zE6Sfw**,1
85syV5osN2UjDaaa4171wA**,1
85syV5osN2UJDhO9Am5ufw**,1
85syV5osN2UjE7oY-r_eaw**,2
85syV5osN2Uji4-8ibhIVw**,1
85syV5osN2UjNrqp0UGsLg**,1
85syV5osN2UJNWl-4NvgPA**,1
85syV5osN2UJoK5eKVvtHA**,1
85syV5osN2UJRvQbBq0OLA**,1
85syV5osN2Ujso3XBo0tyQ**,1
85syV5osN2UJTpp2E0e1Bw**,1
85syV5osN2UJv88G0mQKPg**,1
85syV5osN2UJVdDY5S3Ihw**,1
85syV5osN2UJVM-0wK8PIg**,1
85syV5osN2Uk-THYo_kZoQ**,1
85syV5osN2Uk0vtaMIQNLA**,1
85syV5osN2UK2ZZcUJ0VZQ**,1
85syV5osN2Uk4BF6Em6OXw**,1
85syV5osN2UK6Q4F3gRZVg**,1
85syV5osN2UK7l0d6uflew**,1
85syV5osN2Uk89bWHpxxEw**,1
85syV5osN2UKAFMLGpcT2A**,1
85syV5osN2UkccakqQ_XGg**,1
85syV5osN2UkDGFXMnt3GQ**,1
85syV5osN2UKeakijKhevg**,1
85syV5osN2UkEhiet8xENg**,1
85syV5osN2UkG9Fz93RH5g**,1
85syV5osN2UKKCHOlHsSHQ**,1
85syV5osN2Ukkq4mmORzBA**,1
85syV5osN2UKQrjwo6X0zQ**,1
85syV5osN2UKvBI0Q1v0dg**,1
85syV5osN2UkwW5nvY3o7g**,1
85syV5osN2Ul9mTHUTrjEg**,1
85syV5osN2ULAGe3g_TQJQ**,1
85syV5osN2UlazXbKIxzJw**,1
85syV5osN2UlbbHAVSYc5Q**,1
85syV5osN2UlBvaUDNm2uw**,1
85syV5osN2Ulcl6vIljchg**,3
85syV5osN2ULDU45l3S66w**,1
85syV5osN2UlFkVfkK72uA**,1
85syV5osN2Ulglf51ZLsmA**,1
85syV5osN2Ulgo86PU1KFw**,1
85syV5osN2ULhBzb73l5Dw**,1
85syV5osN2UlijERyVY_aQ**,1
85syV5osN2UliZqISCbycQ**,1
85syV5osN2UljZq6QuttAQ**,1
85syV5osN2ULKbSpPh1wQg**,1
85syV5osN2UlkMRRobX-Xw**,1
85syV5osN2Ulmy81jYLOMw**,1
85syV5osN2UlnJWhS6ev9A**,1
85syV5osN2ULnrX9QY9RKg**,1
85syV5osN2UlorupMPPbrw**,1
85syV5osN2UlOxHJolls7A**,1
85syV5osN2ULPTGab-qW7Q**,1
85syV5osN2UlqHJUeFCcFA**,1
85syV5osN2ULrRwnZkQ34A**,1
85syV5osN2Uls67Xu2xShQ**,2
85syV5osN2ULSsw-XkLXuA**,1
85syV5osN2UlTxtIdxQvNw**,1
85syV5osN2UlV6ek1H8z4Q**,1
85syV5osN2UlVV_EmXGGzA**,1
85syV5osN2UlwdtQW7iv9w**,1
85syV5osN2Um2uXZt23DKw**,1
85syV5osN2UM8u5kX7J1vA**,1
85syV5osN2UmaOk7YiQa_g**,1
85syV5osN2UmbYwc1tKjVQ**,1
85syV5osN2UMC_GgTOWEuQ**,1
85syV5osN2UMdOsN4TKJHQ**,1
85syV5osN2UMElGBfGVoxQ**,1
85syV5osN2UMffOLejpHMw**,1
85syV5osN2UmGJ8h6fY2OQ**,1
85syV5osN2UMI-wMsDmOxA**,1
85syV5osN2UMj20z9mtORw**,1
85syV5osN2UmkTOYbOuQSg**,1
85syV5osN2UmktWDTiYAmw**,1
85syV5osN2UMLabXAEGoNQ**,1
85syV5osN2UMm9M9mw-ISg**,1
85syV5osN2UMMDpxWysB4g**,1
85syV5osN2UMO3F8jf1oIw**,1
85syV5osN2UmQ36xYzkYTg**,1
85syV5osN2UmqC9_3o9iIg**,1
85syV5osN2UMtfYlcWn_iQ**,1
85syV5osN2UMTX_yvBvdBA**,1
85syV5osN2UMUHWFVqXVJQ**,1
85syV5osN2Umvd-iiKAQVg**,1
85syV5osN2UMvgTwetKYjw**,1
85syV5osN2UmW5_4tjg_LQ**,1
85syV5osN2UMwSpii4I3Fg**,1
85syV5osN2UN_REUz7LDzA**,1
85syV5osN2UndOaI03_BQQ**,1
85syV5osN2UNeUYIlKbJew**,1
85syV5osN2UNg-XLfrGmPQ**,1
85syV5osN2UnGmTXID2RaQ**,1
85syV5osN2UNinzSZhrolQ**,1
85syV5osN2UNkDzFahst5Q**,1
85syV5osN2UnLXCmuygEPA**,1
85syV5osN2UNm-_SAiYGCw**,1
85syV5osN2UnN1-0r7uokw**,1
85syV5osN2UNNOwtwByStg**,1
85syV5osN2UnNTDmN8LNVA**,1
85syV5osN2UNOMiF8OvRRw**,1
85syV5osN2UNouVAlS-QLA**,1
85syV5osN2UNqrQQiQAcDg**,1
85syV5osN2UNrYJgYSHzcA**,3
85syV5osN2UnRyW3C-0uFw**,2
85syV5osN2UnW9StMVtR1A**,2
85syV5osN2UNxIY7OmUkNQ**,1
85syV5osN2UnZa12lr-Zjg**,1
85syV5osN2Uo_qVZh3zeKA**,1
85syV5osN2Uo4rE4k-LSFg**,1
85syV5osN2UO6XSwCiv3wQ**,1
85syV5osN2Uoa73AdtfrlA**,1
85syV5osN2UOcQmbMLEc2w**,1
85syV5osN2UoEsjGluU6Sw**,1
85syV5osN2Uof9-UO3beeg**,1
85syV5osN2UOJp_y0QMEHw**,1
85syV5osN2UOk5X88G_UZw**,1
85syV5osN2UOLtgxAEsjzg**,1
85syV5osN2Uom-j50kHp1A**,1
85syV5osN2UOm6yRbrmFcQ**,1
85syV5osN2UOMiwVaeIWzg**,1
85syV5osN2UoOa-0PbrlYg**,1
85syV5osN2UOR5oHrpoFhg**,1
85syV5osN2UOSxoR3PI9Hw**,1
85syV5osN2UOT3GNn-Wllw**,1
85syV5osN2UoTXIBztucWw**,1
85syV5osN2UOUCiX3Eu_mg**,1
85syV5osN2UoUm38CUQ5WQ**,1
85syV5osN2UOXp6JNHeFEg**,1
85syV5osN2UoZ2F-8qWMsw**,1
85syV5osN2UP_Og7cIvWBQ**,1
85syV5osN2UP0m3YrIaLYg**,1
85syV5osN2Up321q0NGWjw**,1
85syV5osN2Up4CwJK6tHlQ**,1
85syV5osN2Up4phbKtCdOw**,2
85syV5osN2Up6CstVsSp2A**,1
85syV5osN2UP6U70cKQNxw**,1
85syV5osN2UP7_CsJl1w_Q**,1
85syV5osN2Up9TLiA8BJqw**,1
85syV5osN2UpD5bOpYBIVg**,1
85syV5osN2UpdyB6npeKqw**,1
85syV5osN2UPGf176qKeIw**,1
85syV5osN2UPGqUVjjyQKA**,1
85syV5osN2UPiaitD0v9yw**,1
85syV5osN2UPiUD1qXaTXg**,1
85syV5osN2UpjjXbq7ypIQ**,1
85syV5osN2UPL-zDftLjSQ**,1
85syV5osN2UplNRXJw7-pQ**,1
85syV5osN2UPLXNmI0Q3Yg**,1
85syV5osN2UPMF5yKQcXSQ**,1
85syV5osN2UPNFkaKWoEXw**,1
85syV5osN2UPnYVI0o9Erw**,2
85syV5osN2Upqu_uAMNEqQ**,1
85syV5osN2UprVJn-JrlXA**,1
85syV5osN2Upzehcwj_Z9w**,1
85syV5osN2Uq_qnl-g_bYQ**,1
85syV5osN2Uq0a6BjEZ2OQ**,1
85syV5osN2UQ28R11dxH4A**,1
85syV5osN2UQ2UMGMZeplw**,1
85syV5osN2UQAfXQ9L8nag**,1
85syV5osN2Uqaqrc5FJpBw**,1
85syV5osN2UQBSROQMJSVA**,1
85syV5osN2UqCjF-OieDGA**,1
85syV5osN2UqCz2WT0GmBg**,1
85syV5osN2UQePMxrvAu6w**,1
85syV5osN2UqH7CJt7TnKw**,1
85syV5osN2UQjg-ZdFa_yg**,1
85syV5osN2UQmY0WOj-NXQ**,1
85syV5osN2UQNu-W1SoZ5g**,1
85syV5osN2UqonDEMwL6XQ**,1
85syV5osN2UqooZxfs86Kw**,1
85syV5osN2UqPTe3NVC0-w**,1
85syV5osN2Uqq7FXfAmdMA**,1
85syV5osN2UqqFVqpIv6Pw**,1
85syV5osN2UqRgNpKWKUAw**,1
85syV5osN2UQs-DTQ-9soA**,1
85syV5osN2UQTCtuIPEQqw**,1
85syV5osN2UQTM0diQymBQ**,1
85syV5osN2UQv5nPdr27rA**,1
85syV5osN2UqXzA_2LNbWA**,1
85syV5osN2Ur-4eNnKzQjA**,1
85syV5osN2UR-g1ferQrnQ**,1
85syV5osN2Ur01NkA4DpKw**,1
85syV5osN2Ur3kvB5HBqIg**,1
85syV5osN2UR6Fzbg_lIpw**,1
85syV5osN2URDG8qEg6nFQ**,2
85syV5osN2URFdLk7NElGQ**,1
85syV5osN2URfjEfL9gqpQ**,1
85syV5osN2URgKN__PL8zQ**,1
85syV5osN2UrhGFjfWuZ-w**,1
85syV5osN2UrIELMgivyDw**,1
85syV5osN2UrItobM0LoGg**,1
85syV5osN2URIyBHQofHKA**,1
85syV5osN2UrlaxTIcLl3g**,1
85syV5osN2Urpa-1fOMviw**,1
85syV5osN2URpT1stoPnmw**,1
85syV5osN2UrPy4KTEXaQQ**,1
85syV5osN2URQpO1l9DKVg**,1
85syV5osN2URQsYLr4ikHA**,1
85syV5osN2URRqteixYQCg**,1
85syV5osN2URStrBHd1h7w**,1
85syV5osN2URtq116VkyuQ**,1
85syV5osN2URweorMaFXLQ**,1
85syV5osN2UrXKVahBAmqA**,1
85syV5osN2Us7DbHRYYJ9g**,10
85syV5osN2UsaNnbsGPfLQ**,1
85syV5osN2UsAvrhppuI_w**,1
85syV5osN2USAw1pfMO3Bg**,1
85syV5osN2USD4dE94MAtA**,1
85syV5osN2USdtY4WAAmyw**,1
85syV5osN2USgECabU3fpw**,1
85syV5osN2Usi12K6P--cA**,1
85syV5osN2UsI8939ptZkQ**,1
85syV5osN2USIcoovp_zGw**,1
85syV5osN2UsKIhXHiEGzA**,1
85syV5osN2USNX5UlFWqkg**,2
85syV5osN2UsOJq-viHvFg**,1
85syV5osN2UsQ315o2D0ug**,1
85syV5osN2USrg4HT-3wfQ**,1
85syV5osN2UsrsrpeRQENg**,1
85syV5osN2USyidawWjyHA**,1
85syV5osN2Ut7_H_n4x9Iw**,1
85syV5osN2Ut7ZLQqdCZtQ**,1
85syV5osN2UTD5xrfeY11w**,1
85syV5osN2Utd6NUvypgxw**,2
85syV5osN2UTHU5UCksrog**,1
85syV5osN2UtIqM01NN0LA**,1
85syV5osN2UTiYTgTXT7Jg**,1
85syV5osN2UTNJDf1fSG_A**,1
85syV5osN2UTo2d4TXgIvQ**,1
85syV5osN2UtOQOrgpUBLQ**,1
85syV5osN2UTqQ6zdjoiug**,1
85syV5osN2UTS70rllwh3A**,1
85syV5osN2Utsl5W5dFj_Q**,1
85syV5osN2UtufTydhQCtA**,1
85syV5osN2UtuPedvfJy_g**,1
85syV5osN2UtupgX1nD87Q**,1
85syV5osN2UtvlvyPEYb8w**,1
85syV5osN2UtVRWguIPfoA**,1
85syV5osN2UtwTBZ5lO1fQ**,1
85syV5osN2UtyIjfBPZP0w**,2
85syV5osN2UtYLeh2ciwUg**,2
85syV5osN2Uu0rzhyCwUWg**,1
85syV5osN2Uu1-vQsA8XVQ**,1
85syV5osN2UU9134-XCa4w**,1
85syV5osN2Uu9hGIMMjgqA**,1
85syV5osN2UuAizNStnrPg**,1
85syV5osN2UUbFiEu5op7w**,1
85syV5osN2UUC5uBJDDglA**,1
85syV5osN2UUFFayfszL9A**,1
85syV5osN2UUfvGXhS8dyQ**,1
85syV5osN2UUgMg6MNb0Cg**,1
85syV5osN2UujyOlZX9eqQ**,1
85syV5osN2UuJYvFVjf_-w**,1
85syV5osN2UUqs4ZaX1YXQ**,1
85syV5osN2Uuu2FLUoBjDg**,1
85syV5osN2UUuIZ1M-vLLA**,1
85syV5osN2UuvGCjgOfDeg**,1
85syV5osN2UUx5msDdAs9w**,1
85syV5osN2Uuy8YHiSMD8A**,1
85syV5osN2UUzwl8T3mW_A**,1
85syV5osN2UV_jjeTDrvAA**,1
85syV5osN2UV2YMfGowxsA**,1
85syV5osN2UV3yrhKIuxnw**,1
85syV5osN2Uv9061FsKNXg**,1
85syV5osN2UVDRBN4q6Htg**,1
85syV5osN2UvDv-IA_GZZw**,1
85syV5osN2UvGPBSw3Gmpw**,1
85syV5osN2UVGSBac-NE_w**,1
85syV5osN2UvhWHxDudQrA**,1
85syV5osN2UvJDM_6mQ8Kw**,1
85syV5osN2UvJWxT8sbJBw**,1
85syV5osN2UVKgcId3PhLQ**,1
85syV5osN2UvMyKnsr2zgg**,1
85syV5osN2Uvn8SS0TnKDA**,2
85syV5osN2UVngg6M49E-A**,1
85syV5osN2UvNOm-Pln08A**,1
85syV5osN2Uvo9VSmbJdXQ**,1
85syV5osN2Uvp28iKCcdHg**,1
85syV5osN2UVP4qGeXBGpA**,1
85syV5osN2UVrBZBsYtubg**,1
85syV5osN2UVrfoY1A7khQ**,1
85syV5osN2UvT_-xLp01-w**,1
85syV5osN2UVt9ut4_sZ5A**,1
85syV5osN2Uw-j9yvUKX8Q**,1
85syV5osN2UW04EOK0Yfig**,1
85syV5osN2UW2JJCWF-yWA**,1
85syV5osN2Uw6cmYez0MTw**,1
85syV5osN2UWALPBsqksfA**,1
85syV5osN2UWb5dXu_QL7g**,1
85syV5osN2UWEqDcOJKbcQ**,1
85syV5osN2Uwg2W1hGJlRg**,1
85syV5osN2UWII9iJVQcXw**,1
85syV5osN2UwkESJ0UPtSQ**,1
85syV5osN2UWLcuJDzODww**,1
85syV5osN2UwLKDj884VJw**,1
85syV5osN2UWMac8t2e2kg**,1
85syV5osN2UwnfPe2yzYBA**,1
85syV5osN2UwsaMdivorrw**,1
85syV5osN2UWUYwZrqeazw**,1
85syV5osN2UwwPu4N-2Fmw**,1
85syV5osN2UwZV3kpOXylg**,1
85syV5osN2UX52GeNpsU5w**,1
85syV5osN2UX5DpoZw_m_A**,1
85syV5osN2Ux7dySblTakQ**,1
85syV5osN2Ux8R83Idn8Cw**,1
85syV5osN2UxC4rL9CB_rg**,2
85syV5osN2UxCXIXC4DV_g**,1
85syV5osN2UXD0U4g9E-Rg**,1
85syV5osN2UxhiGUcKV5Pg**,1
85syV5osN2UXhX2nfrWUFQ**,1
85syV5osN2UXJwRLPB2Ecg**,1
85syV5osN2UxkT-_XlfxJg**,1
85syV5osN2UXl4DeMnNvfA**,1
85syV5osN2UXnXdWnaKyzQ**,1
85syV5osN2UxoLUGG_5MeA**,1
85syV5osN2UxPyfZDbmn8Q**,1
85syV5osN2UxTV78dwUYdg**,1
85syV5osN2UXW0-noYP1sw**,1
85syV5osN2UXxPpiKlLxhA**,1
85syV5osN2Uy0ICbaRL-ug**,1
85syV5osN2UY24FmBeQdxA**,1
85syV5osN2Uy3ai3Wa0JCQ**,1
85syV5osN2Uy8d2X3BGA8Q**,1
85syV5osN2UY8uJLEc8BrA**,1
85syV5osN2UYB2PAsJ7m4w**,1
85syV5osN2UYeUcLukL0Lw**,1
85syV5osN2UYeUZV73ekag**,1
85syV5osN2UYiBI6XQnZAg**,1
85syV5osN2UYizjJqUJAbg**,1
85syV5osN2UyLHgvcdIUsA**,1
85syV5osN2UypQmktkkFzw**,1
85syV5osN2UYuWBEqmmVtQ**,1
85syV5osN2UyWSZlp71kzQ**,1
85syV5osN2UYYXsJ12hsDA**,1
85syV5osN2UZ-oVPn2egrw**,1
85syV5osN2Uz1gXMaiVYJw**,1
85syV5osN2UZ3IONMjIUbA**,1
85syV5osN2UZ4ZjBVAPOnQ**,1
85syV5osN2Uz8BdA6sVm9Q**,1
85syV5osN2UZ9a39l5bzxQ**,1
85syV5osN2UZCMUxUO9wUw**,1
85syV5osN2UzdsrUPnu3AA**,1
85syV5osN2UzF-wGkQ2YeQ**,1
85syV5osN2UZG-a42bJt5Q**,1
85syV5osN2UZhc__bIV94w**,1
85syV5osN2UzhDFlb2UIZg**,1
85syV5osN2UzI5nz-KDnkw**,1
85syV5osN2UZk6svLg0gxA**,1
85syV5osN2UzKApWUPKWlw**,1
85syV5osN2UZKxXkRUbD7g**,1
85syV5osN2UZmaPzhuaWSg**,2
85syV5osN2UzmOlWEd32zA**,1
85syV5osN2UZpgW1yc-__w**,1
85syV5osN2UzPIHweSqvPA**,1
85syV5osN2UZPqnbmm6L-g**,1
85syV5osN2UZQc6CvrD_lw**,1
85syV5osN2UzQFSqM9lQTA**,1
85syV5osN2UzqvOrDYIR7Q**,1
85syV5osN2UzQxJlAXKJcg**,1
85syV5osN2UZR9pz5VtOjw**,1
85syV5osN2UZRiH2uOStww**,1
85syV5osN2UzrlbhvPzvmA**,1
85syV5osN2UzU3OrLhExbg**,1
85syV5osN2UzumD_LY2yTw**,1
85syV5osN2UzuTAavlSOKQ**,1
85syV5osN2UZwj_Z5OxBHQ**,1
85syV5osN2Uzy-GnWNZsOQ**,1
85syV5osN2V-_F_7zgvtog**,1
85syV5osN2V-914VsqQVAw**,1
85syV5osN2V-f4V3hXyOXQ**,1
85syV5osN2V-IfxX2VBhoA**,1
85syV5osN2V-IKm5ug4EaA**,1
85syV5osN2V-mLs1UIyxbg**,1
85syV5osN2V-mXc7fIIXzA**,1
85syV5osN2V-wjK7s51JEQ**,1
85syV5osN2V-yTmFgPAkyg**,1
85syV5osN2V_3alZ-CSUBw**,1
85syV5osN2V_ks4_d4PmNQ**,1
85syV5osN2V_Ogo0EBPEYA**,1
85syV5osN2V_qG1Q-3Qtbg**,1
85syV5osN2V_W4ljDAX70Q**,1
85syV5osN2V_w6pkqz1zyg**,1
85syV5osN2V_Ytjycix_mQ**,1
85syV5osN2V0CUaA1c7ssw**,1
85syV5osN2V0idkzbxHKAw**,1
85syV5osN2V0KzGdp3Chtg**,1
85syV5osN2V0mUW34wPCiQ**,1
85syV5osN2V0obinAugyXA**,1
85syV5osN2V0PCCw-P-DKQ**,2
85syV5osN2V14llvdx2YJg**,1
85syV5osN2V15dSiDv994g**,1
85syV5osN2V19s1CXR1urg**,1
85syV5osN2V1FMjhXspmuA**,1
85syV5osN2V1igfjvGiFRQ**,1
85syV5osN2V1IN0bdQqqbg**,1
85syV5osN2V1INSopyrj0A**,1
85syV5osN2V1LfaSpP6fag**,1
85syV5osN2V1qF2GLvEDpw**,1
85syV5osN2V1TMmd5moneA**,1
85syV5osN2V1V2f7WXHTYg**,1
85syV5osN2V1wc4xTuuLaA**,1
85syV5osN2V1wylHheVC9w**,1
85syV5osN2V1zqvQOo58QA**,1
85syV5osN2V23Aem-ynjwA**,1
85syV5osN2V28zEUPxwCTQ**,1
85syV5osN2V2b9qk576hig**,1
85syV5osN2V2DMSQ_0mwew**,1
85syV5osN2V2h5YrNYOFug**,1
85syV5osN2V2Rdg5v8Zz_Q**,1
85syV5osN2V2S78Awew_zw**,2
85syV5osN2V2v_SJFFa_2w**,1
85syV5osN2V36Zz_RG6mqQ**,1
85syV5osN2V3bZ70QZ8gtg**,1
85syV5osN2V3CcoQtKK2lg**,1
85syV5osN2V3Mt6jf2eUXw**,1
85syV5osN2V3mV0WodDlDQ**,1
85syV5osN2V3pthKVfJAjg**,1
85syV5osN2V4_vJWSvuqKw**,1
85syV5osN2V40SQgPiuLBg**,1
85syV5osN2V4DpIeRKrT3w**,1
85syV5osN2V4E6LwWDoLvw**,1
85syV5osN2V4ik-7zWpY8w**,1
85syV5osN2V4mN88yerM1w**,1
85syV5osN2V4nt0mS5ic3A**,1
85syV5osN2V4T9VYncFlJQ**,1
85syV5osN2V4te2iL2YZOg**,1
85syV5osN2V4ZIZeiScVyA**,1
85syV5osN2V5COqI292o1A**,1
85syV5osN2V5ElhXzShX8g**,1
85syV5osN2V5EP232x_uHw**,1
85syV5osN2V5epayWPf1Jw**,1
85syV5osN2V5K52X9t7FHA**,1
85syV5osN2V5qOeipW5Akg**,1
85syV5osN2V5s8JW7MPvYw**,1
85syV5osN2V5Trw3Cnx5JQ**,1
85syV5osN2V5U6HZzkmWqQ**,1
85syV5osN2V5UhFgHLSuMg**,1
85syV5osN2V5Y3vbcFehXw**,1
85syV5osN2V5ZPTY4ddiuw**,1
85syV5osN2V6BQoiUbW0_A**,1
85syV5osN2V6dIyO9PpApQ**,1
85syV5osN2V6FWxs7MmCuQ**,1
85syV5osN2V6TlYEi_cH2g**,1
85syV5osN2V6UHdFpx2qfA**,1
85syV5osN2V7-EE0Wk5DYw**,1
85syV5osN2V74brHZ7ki_w**,1
85syV5osN2V78UkMHwELiQ**,1
85syV5osN2V7BcognwFmsw**,1
85syV5osN2V7D-eghcd5nw**,1
85syV5osN2V7eYLcXhwaRQ**,1
85syV5osN2V7H0t84V2OYg**,1
85syV5osN2V7Lm9yV2scog**,1
85syV5osN2V7LQ0lqCzapQ**,1
85syV5osN2V7OIttiqQvuA**,1
85syV5osN2V7qDNB-3E3_g**,1
85syV5osN2V7QseG6yyrtw**,1
85syV5osN2V7smwDYE2HLg**,1
85syV5osN2V7txK4mXTgEg**,1
85syV5osN2V7U41joeEiKA**,1
85syV5osN2V80-lAxuquFA**,1
85syV5osN2V82VGxpgs-ug**,1
85syV5osN2V8A7MS6rbUfw**,1
85syV5osN2V8dnoswS-eOg**,1
85syV5osN2V8HgRTZ0S8gQ**,1
85syV5osN2V8pZ8e5LkmWw**,1
85syV5osN2V8sesIp6bslA**,1
85syV5osN2V8uVMgs4PrrQ**,2
85syV5osN2V8Vabe7_Ht4Q**,1
85syV5osN2V992OKTsb2Xg**,1
85syV5osN2V9AB4Kb-GpOA**,1
85syV5osN2V9C5-fuQ5vnA**,1
85syV5osN2V9iqt3Np8t1A**,1
85syV5osN2V9JdXqtSv3Rw**,1
85syV5osN2V9jrk3sPzGog**,1
85syV5osN2V9qh-_Ehy0vQ**,1
85syV5osN2V9sBkZ8SO9KQ**,1
85syV5osN2V9VIyDMgK6uw**,1
85syV5osN2V9WJqX9wO_4A**,1
85syV5osN2V9X9KtlVeD8g**,1
85syV5osN2VA1BMR1wg9sQ**,1
85syV5osN2VA47HvFBieyA**,1
85syV5osN2Va7KY3dpTRFg**,1
85syV5osN2VacokRrBnIaQ**,1
85syV5osN2VaE6IE69Yyyg**,1
85syV5osN2VAIliCrZuadg**,1
85syV5osN2VAivx0pd0OeQ**,1
85syV5osN2VaK_-aCiqIDw**,1
85syV5osN2VAoM9L0QRgnA**,2
85syV5osN2VAR4SnZN30rA**,1
85syV5osN2VAX0xh9KqkKA**,1
85syV5osN2Vb1rjOPK3wJw**,1
85syV5osN2Vb9_f9wKE4Uw**,1
85syV5osN2VB9Gb4b_NlYA**,1
85syV5osN2Vb9yBziWtIug**,4
85syV5osN2VBbJbqRyFK8g**,1
85syV5osN2VBcAhzF4fmOA**,1
85syV5osN2VBEQYpPzHMaw**,1
85syV5osN2VBg1TVkgsC7w**,1
85syV5osN2VBGDZs_Mfg1w**,1
85syV5osN2VbJFzzEMvhqw**,1
85syV5osN2VbN8MLsoqw6Q**,1
85syV5osN2VbQlTr9fQ6Ew**,1
85syV5osN2VBrO6HRCkvfQ**,1
85syV5osN2VbS0ucopsF5w**,1
85syV5osN2VbtC0KdTDyuA**,1
85syV5osN2VbuWHfauX8PQ**,1
85syV5osN2VbW55NSEiJMg**,1
85syV5osN2VBY749xXG2_g**,2
85syV5osN2VbzDT3F9vYUQ**,1
85syV5osN2VBZgJVFwNtOA**,1
85syV5osN2VbZsjK0iquUA**,1
85syV5osN2VC0SOSBwBCEQ**,1
85syV5osN2Vc1ooqv3f1yQ**,1
85syV5osN2VC2xTi8eSDow**,1
85syV5osN2VC3WGWNGfIqQ**,2
85syV5osN2VC7FakxfTEGw**,1
85syV5osN2Vc9b0cPPbOrg**,1
85syV5osN2VCAusw-Y95DA**,1
85syV5osN2Vcb0azvPl3dA**,1
85syV5osN2VCCDf6iY3NDw**,1
85syV5osN2VCer0ZSLUTOQ**,1
85syV5osN2VCexWVcZ3cmA**,1
85syV5osN2VchpCooQs9og**,1
85syV5osN2VCKdBKNI8AHQ**,1
85syV5osN2VCLY5cPA4kVQ**,1
85syV5osN2VcmNPqN8I8PQ**,1
85syV5osN2VcMV67iLUP8Q**,1
85syV5osN2VCmWkZ2yHT_Q**,1
85syV5osN2Vcspxa33MAGg**,1
85syV5osN2VCsWNDSSrNMg**,1
85syV5osN2VCUPa3fFkUHg**,1
85syV5osN2VCVq52O3OxgA**,1
85syV5osN2VcVQD7WIB5mw**,1
85syV5osN2VcwpptaOl3xg**,1
85syV5osN2VCx90z_zcNug**,1
85syV5osN2VCzNKccDCHDQ**,1
85syV5osN2Vd36RIFL6jOA**,1
85syV5osN2Vd5eQrIDkgcQ**,1
85syV5osN2VD8KIupur1-w**,1
85syV5osN2VD8o9k8ftgIQ**,1
85syV5osN2VD9ln8bx6d7w**,1
85syV5osN2VdAdkFkN0WBg**,1
85syV5osN2VDDkosjePFNQ**,1
85syV5osN2VDEga37E-g-w**,1
85syV5osN2VdGr2HILWBFQ**,1
85syV5osN2VDJFskg9Ym3A**,1
85syV5osN2VdJzGQqgehZg**,1
85syV5osN2VdKApppQ6t_A**,1
85syV5osN2VdkDg7d65S9g**,1
85syV5osN2VDNdn1YJPApw**,1
85syV5osN2VdOYLg421rWA**,1
85syV5osN2VdQayCy9yAig**,1
85syV5osN2VdqlXXOCgoSg**,1
85syV5osN2Vdrg6hJXVOpA**,1
85syV5osN2VDUAfXUfGmvQ**,1
85syV5osN2VDuIaAkqfa1Q**,1
85syV5osN2VdYiEmKNSnKw**,1
85syV5osN2Ve4ZVdRr-zSA**,1
85syV5osN2VE8wiXo1GtrA**,1
85syV5osN2VeaxhXNuZWcQ**,1
85syV5osN2VeHtpCPndsGQ**,1
85syV5osN2VehVu1kpQ9eQ**,1
85syV5osN2VEiCuZ3w79HA**,1
85syV5osN2VEii9k1g2OBg**,1
85syV5osN2VeiXe1nUO5_Q**,1
85syV5osN2VeJhaxR6eV1A**,1
85syV5osN2VekcPSta40yA**,1
85syV5osN2VEMu2IWmudLw**,1
85syV5osN2Ven9bE6bp5mg**,1
85syV5osN2VEPiyW0DNSNg**,1
85syV5osN2VEPj_i3TO60Q**,1
85syV5osN2VerTj7PCNV_g**,1
85syV5osN2VEVD5OF0oL-Q**,1
85syV5osN2VF0D1SU1qskw**,1
85syV5osN2Vf5C5dYL3CCw**,1
85syV5osN2VF7kjSod6tAQ**,1
85syV5osN2VF9k53qiz9qg**,1
85syV5osN2VF9yBgTBty2w**,1
85syV5osN2Vfaj3iCU1VsQ**,1
85syV5osN2VFeBYI_Q8OLg**,1
85syV5osN2VFgfzFPRDErg**,1
85syV5osN2VfiwuK-obx5w**,1
85syV5osN2VfjlQAg7R9aw**,1
85syV5osN2VFLZQfaw0jPg**,1
85syV5osN2VFn3JmmKfahg**,1
85syV5osN2VFnoxc8RcMLQ**,1
85syV5osN2VfoqQfDYMu8g**,1
85syV5osN2VFosrpbBkIkw**,1
85syV5osN2VFTVKOlRGOXA**,1
85syV5osN2VfUtNVTUDjhQ**,1
85syV5osN2VfV4iV-qcFUQ**,1
85syV5osN2Vfw66tvDsbfg**,1
85syV5osN2VfwSLjZ3hpbw**,1
85syV5osN2VfyGb47yGxqg**,1
85syV5osN2VFzpEk-gps-g**,1
85syV5osN2Vg-oE_WGT5xg**,1
85syV5osN2VG_jnGVW9Z8A**,1
85syV5osN2Vg19v3CAqnBw**,1
85syV5osN2Vg2eFfU6KnfQ**,1
85syV5osN2Vg2qFws5bLaw**,1
85syV5osN2Vg5P3adMyicA**,1
85syV5osN2VG67Ye1YhRww**,1
85syV5osN2VGGmz4qCdQBg**,1
85syV5osN2VGKptK7M-YUw**,1
85syV5osN2VGnlisrP4rCw**,1
85syV5osN2VGOjkcWvze9Q**,1
85syV5osN2VGPChTtau08w**,1
85syV5osN2VGpEKzntIlIA**,1
85syV5osN2VgPo9LNn7nGw**,1
85syV5osN2VGqmc6_2eY3g**,1
85syV5osN2VGrUjG8WssIQ**,1
85syV5osN2VgTGZ9gKCCIA**,1
85syV5osN2VGWmLsZqrPKg**,1
85syV5osN2VgyeddyHxqQw**,1
85syV5osN2VGZlE7Z7yxxA**,1
85syV5osN2VH-EfAL4TjDA**,1
85syV5osN2Vh0zPABxG47w**,1
85syV5osN2Vh98fOZepm0g**,1
85syV5osN2VHfhcQ3suLMQ**,1
85syV5osN2VHfSfkMeVBdA**,1
85syV5osN2VhFVV7Ub_PHg**,1
85syV5osN2VhiUN1Emzr5w**,1
85syV5osN2VHK0x5_IH9xg**,1
85syV5osN2VHol4rU1YKpA**,1
85syV5osN2VHoPqcEcvltw**,1
85syV5osN2VHpFBelXNqFg**,1
85syV5osN2VHQemw1-A1Ow**,1
85syV5osN2VhspQGjADGoA**,1
85syV5osN2VHTLydpcjUuQ**,1
85syV5osN2VHu0KWvKzdtQ**,1
85syV5osN2VhuQ-fdgXaJg**,1
85syV5osN2VhvP65OaaSoQ**,1
85syV5osN2Vhw0RZEUeAYg**,1
85syV5osN2VhZWbIwc_I_g**,1
85syV5osN2Vi-oW5T3pH3g**,1
85syV5osN2Vi-RUAT-pnRQ**,1
85syV5osN2VI1JrQ8pwxtw**,1
85syV5osN2VI5sHFyZ9-Qg**,1
85syV5osN2VI69WRmkt9tw**,1
85syV5osN2VI6CLcDepCDw**,1
85syV5osN2Vi6x86SHEK5g**,1
85syV5osN2VI8WPI0Muyhw**,1
85syV5osN2VIb1Zqlz-Wug**,2
85syV5osN2VICEuoj8U2rQ**,1
85syV5osN2VICfWEvc-Yrg**,1
85syV5osN2VidFBuyrCDkQ**,1
85syV5osN2ViF8qvbjVT3w**,2
85syV5osN2ViGED4cEly8A**,1
85syV5osN2VIH2jkCSJHMg**,1
85syV5osN2VIJQmgnbrryw**,1
85syV5osN2ViKGfKSWYs0g**,1
85syV5osN2VIm4mvHZ9JfQ**,1
85syV5osN2VIN0FauKtqGg**,1
85syV5osN2VIPPBnOFwjIQ**,1
85syV5osN2VIRAQOmhwgvw**,2
85syV5osN2VirNIEOS6ETg**,1
85syV5osN2VITgcVLOS0tw**,1
85syV5osN2VIuNL3d7lC4A**,1
85syV5osN2VIUXB2M-zYYg**,1
85syV5osN2VIwvpP7NnmxQ**,1
85syV5osN2VIyvfcOD_Neg**,1
85syV5osN2ViziLJVbzPVw**,1
85syV5osN2VJ_4ScHNuE_w**,1
85syV5osN2Vj4tRAgB4wvw**,1
85syV5osN2VJ7rQl7A_bdQ**,1
85syV5osN2VJ8nFN6QxvzQ**,1
85syV5osN2VJ8s5c8--ZBw**,1
85syV5osN2VJ9eTM434eYg**,1
85syV5osN2Vjd0DvhiBfAg**,1
85syV5osN2VjEOiOPguXEg**,1
85syV5osN2VjlWz6wVY-VQ**,1
85syV5osN2VjNqJ_keXSmA**,1
85syV5osN2Vjs2PjADyWmw**,1
85syV5osN2VjSrU8WGx3ow**,1
85syV5osN2VjTaUnyDR_zw**,1
85syV5osN2VJtVI40Vg07Q**,1
85syV5osN2VJuKsY_-1KvA**,1
85syV5osN2VJUUSCo9Epbg**,1
85syV5osN2Vjv0iLts0lPA**,1
85syV5osN2VjwibSQ8o2xg**,1
85syV5osN2VJx3g2_lrBLA**,5
85syV5osN2VJZZMEktjzCQ**,1
85syV5osN2VK-tfeVuatUg**,1
85syV5osN2VK5htWFwEW7A**,1
85syV5osN2Vk74hiEcH9xg**,1
85syV5osN2VK8OmDRbAHWw**,1
85syV5osN2VKA24mhG58Nw**,1
85syV5osN2VKA5iGAsIy8w**,1
85syV5osN2VKAhwovlAY2Q**,1
85syV5osN2VKBLB1Fe1TOw**,1
85syV5osN2VKBYK2I8ILlQ**,1
85syV5osN2VKCTIvi5SPuA**,1
85syV5osN2VkDcTApTtGRQ**,1
85syV5osN2Vkdqfy5jW80w**,1
85syV5osN2VkLkvXPTIMYw**,1
85syV5osN2VKNHh05TXaBg**,1
85syV5osN2VkNllin2xU2g**,1
85syV5osN2VKpH2I_xMWVQ**,1
85syV5osN2VKQbDS_sWmlg**,1
85syV5osN2VKsVVGdKVt9g**,1
85syV5osN2Vkt7HBmqOymg**,1
85syV5osN2VKv9zEmQQ2cw**,1
85syV5osN2VkyG_QqSm2Vw**,1
85syV5osN2VkynvwNKZxPw**,1
85syV5osN2VkzMArjNI-eg**,1
85syV5osN2VL0CXdmf2E8w**,1
85syV5osN2VL1_R8ZikTow**,1
85syV5osN2Vl3IkTKm0XxQ**,1
85syV5osN2Vl3SWkYNyJIQ**,1
85syV5osN2VL4XaM_GyQLw**,1
85syV5osN2VLbcH7JNFgiA**,1
85syV5osN2VLc0WrZr9Deg**,1
85syV5osN2VLCBoBXZpykA**,1
85syV5osN2VlEcCaZNpcOg**,1
85syV5osN2VLfBul4EVC0w**,1
85syV5osN2VLg1G5wOED6A**,1
85syV5osN2VLhexINgNYmA**,1
85syV5osN2VlHv7KG0okoQ**,1
85syV5osN2VlI8g_l1qs2A**,1
85syV5osN2VlIe7u_ormSA**,1
85syV5osN2VliRPvdzbnug**,1
85syV5osN2VLLGoxRsVIkg**,1
85syV5osN2VlloVBz5xM6w**,1
85syV5osN2VlmVvEdNaQ_Q**,1
85syV5osN2VLpUxLdk7K4g**,1
85syV5osN2VLrirybWfO_w**,1
85syV5osN2Vlsjy34eergA**,1
85syV5osN2Vlvs5aRXu2sg**,1
85syV5osN2Vlwyj9kxqAUA**,1
85syV5osN2VLx0FQsUe2aw**,1
85syV5osN2VlxdTRLkvXXQ**,1
85syV5osN2VlxWd5rLkrLw**,1
85syV5osN2VLYs07p2FC7Q**,1
85syV5osN2Vm2rTyByDOtg**,1
85syV5osN2VM6JdWSqvGOw**,1
85syV5osN2Vm6kltJeIJhA**,1
85syV5osN2Vm6tFEq_VuUQ**,1
85syV5osN2VMB52SK0uFdg**,1
85syV5osN2VmCzKz2e1meg**,1
85syV5osN2VmeGsIM5nM1Q**,1
85syV5osN2VmeJ-Uk5eubw**,1
85syV5osN2VMgWGrcYCJFQ**,1
85syV5osN2VMgYpnDPA1EA**,1
85syV5osN2VmiCYxxXSqYA**,1
85syV5osN2VmIHT-omukCQ**,1
85syV5osN2VMJT7XLs-Lbw**,1
85syV5osN2VmlaBRN0SEtA**,1
85syV5osN2VMrEPvmTB_CA**,1
85syV5osN2VMShw1QM_teA**,1
85syV5osN2VMSlh3yaDC9g**,1
85syV5osN2VMtCNdVV7BRg**,1
85syV5osN2VmtgSaJXxnJg**,1
85syV5osN2VmvjJ7FrsYeg**,1
85syV5osN2VmYjgKb5AQ6Q**,1
85syV5osN2VnCdTsUS0XAw**,1
85syV5osN2VNDkiBc-WZfQ**,1
85syV5osN2VnFRnI1qwBAw**,2
85syV5osN2VNkp7A6wNDWg**,1
85syV5osN2VnlXiBpK03nA**,1
85syV5osN2VnMrY4wUfkNw**,1
85syV5osN2VnpPNEgdpyOQ**,1
85syV5osN2VnpqOLfJ_cBw**,1
85syV5osN2Vnpw2MSjxcQA**,1
85syV5osN2VNTb-QSoWFVA**,1
85syV5osN2VnUN8g2EmCjA**,1
85syV5osN2VnxHUj-ZODnw**,1
85syV5osN2VNYj2I-Vr_cQ**,1
85syV5osN2VO1xHveFEhFQ**,1
85syV5osN2VO3ExAXJ6q0Q**,1
85syV5osN2VO6_j1pOeFNg**,1
85syV5osN2Vo6mpVSuD-NQ**,1
85syV5osN2Vo8qoN3Eq5XA**,1
85syV5osN2VOB5uSXTtkrg**,1
85syV5osN2VObR0xCLpuQw**,2
85syV5osN2VoCPxxwauEmQ**,1
85syV5osN2VoCU_hHQPaxQ**,1
85syV5osN2VoH3u6Q3Pu7Q**,1
85syV5osN2VOJgVjYpr2bA**,1
85syV5osN2VoKahlhnHcMw**,1
85syV5osN2VOKz_-fW0SKQ**,1
85syV5osN2VoNGwV9sUbUA**,1
85syV5osN2VOPRYDsuw2iw**,1
85syV5osN2VOQnzEFjk9rw**,1
85syV5osN2VOr7FOji_odg**,2
85syV5osN2VOST8B1qpMRg**,1
85syV5osN2VOsVkLxIDd6w**,1
85syV5osN2VOV1rt4Ylgcg**,1
85syV5osN2VOysQC9nh8bg**,1
85syV5osN2VOzeZUSeCAdg**,1
85syV5osN2VP4r0kR8Tk0w**,1
85syV5osN2VP4Z3E9ZtIDQ**,1
85syV5osN2VP69uXnZpZXA**,1
85syV5osN2VP7DIf3rsMgA**,1
85syV5osN2Vp9OQ13y5Fbg**,1
85syV5osN2VpANEJJqeq6w**,1
85syV5osN2VPbsWjIfuheg**,1
85syV5osN2Vpf5-w4bLESw**,1
85syV5osN2VpGblN9AN4fA**,1
85syV5osN2VPjXXnC4qnvA**,1
85syV5osN2VplX6H5FfbeA**,1
85syV5osN2VpozyOO-ipxQ**,1
85syV5osN2VpSpF35HFTVg**,1
85syV5osN2VPT60uHptXRw**,1
85syV5osN2VPTXM0Sct-EQ**,1
85syV5osN2VpVuC064VY-g**,1
85syV5osN2VpXEji_gqSGw**,1
85syV5osN2VQ1c13sx7hlw**,2
85syV5osN2Vq1vAuGBY0yQ**,1
85syV5osN2Vq2KI3Iy6HSQ**,1
85syV5osN2VQ5kKK1G9J6w**,1
85syV5osN2Vq7GtuYqL06g**,1
85syV5osN2Vqa_Dn0YoR3w**,1
85syV5osN2VqeJ-SxwFz8w**,1
85syV5osN2VqJXaA9fsu7w**,1
85syV5osN2VQjzG5AmXwqw**,1
85syV5osN2VQkgadKxdIjw**,1
85syV5osN2VQmz82qIr9Rw**,1
85syV5osN2VQNJn4fVjcVA**,1
85syV5osN2VQOLjv2OzxfQ**,1
85syV5osN2VqOrS7yD8uVw**,1
85syV5osN2VqrDH_2JE7Vw**,2
85syV5osN2VQRF1wd-nspQ**,1
85syV5osN2VQrsgL04SBuQ**,1
85syV5osN2VqT0iUd0K4hQ**,1
85syV5osN2VqtXJ19kyM-Q**,1
85syV5osN2VquaCwup0U3Q**,1
85syV5osN2VQXyTJhjhkew**,1
85syV5osN2VqYIscTZcr-w**,1
85syV5osN2VR2ZkbRfQKyw**,1
85syV5osN2VR4FqXA9le4w**,1
85syV5osN2Vr6zmKkhvsLA**,1
85syV5osN2VRD1_3mNfF6g**,1
85syV5osN2VRHJR5ZMFpjw**,1
85syV5osN2VRjY6yn2Oj-Q**,1
85syV5osN2VrN2Kuo8pPxA**,1
85syV5osN2VRUMiEm6zyrg**,1
85syV5osN2VRurDetTPuOA**,1
85syV5osN2VrURkGbW-Nng**,1
85syV5osN2VRVPAGXhiyOA**,1
85syV5osN2VrVTjp-BCNLQ**,1
85syV5osN2Vrvw_EganUkg**,1
85syV5osN2VrWor4LSfjWg**,1
85syV5osN2VrWThT92MWJA**,1
85syV5osN2Vry5cMnxIWJw**,1
85syV5osN2VryF2RBDR1XQ**,1
85syV5osN2VRZ2Mc2ZLnmg**,1
85syV5osN2VrZ6Z6Bgyukg**,1
85syV5osN2VrzEJ0zkH1BA**,1
85syV5osN2VrZnjRF-gf8g**,1
85syV5osN2VRZp8esH5W1w**,1
85syV5osN2Vs1DcZF_j6ng**,1
85syV5osN2VS1fFkBFRw8Q**,1
85syV5osN2VS1o85K0ykZg**,1
85syV5osN2VS1TM2n-RqmQ**,1
85syV5osN2VS2gbN6x5gYQ**,1
85syV5osN2VS2HqJAl5lRw**,1
85syV5osN2VS2jjXtfUldw**,1
85syV5osN2Vs2JQ8MiFC9g**,1
85syV5osN2Vs97A4b1lqwA**,1
85syV5osN2VScfmV8oegTw**,1
85syV5osN2VSEfZAEu7_0A**,1
85syV5osN2VsfyCg1JiNAg**,1
85syV5osN2VsiBe7vORSiQ**,1
85syV5osN2VsIJn1a0nnWg**,1
85syV5osN2VSJLsdC9Iyxw**,1
85syV5osN2VsktjYaU0rzA**,1
85syV5osN2VsM7P3mu6PMA**,1
85syV5osN2VsNwOPM_aYYw**,1
85syV5osN2VSOdtRZLRENA**,1
85syV5osN2VsqWa3hHxbZg**,1
85syV5osN2VSUxynY2grXw**,1
85syV5osN2VsX1dRekWbkg**,1
85syV5osN2VsxBWCqL2lhA**,1
85syV5osN2VsYYwI9apQkw**,4
85syV5osN2VSzlYZDdJOwQ**,1
85syV5osN2Vt_-ETLc18-A**,1
85syV5osN2VT03VDfcF28g**,1
85syV5osN2Vt28tKScHORg**,1
85syV5osN2Vt9L3uzOvwgw**,1
85syV5osN2VTbMbY7UlwPg**,1
85syV5osN2VTcoLS_BWLZg**,1
85syV5osN2VTE3jXOy-EwQ**,1
85syV5osN2VTh-YTYdyGkw**,1
85syV5osN2VTiZ7Cy9SzuQ**,1
85syV5osN2VTJJMHzgsLJA**,1
85syV5osN2VTJlNVk8ZAyg**,1
85syV5osN2VTLplTg4GnUA**,1
85syV5osN2VTncZy_HTt1g**,1
85syV5osN2VTrilg7xvULA**,1
85syV5osN2VtT7EpYyB4xA**,1
85syV5osN2VTtdefCPwBaw**,1
85syV5osN2VTvvjqOJHyVw**,1
85syV5osN2VtxEA5fDbvTw**,1
85syV5osN2VtY4YiZvSsGQ**,1
85syV5osN2VTZ3YXb-KMew**,1
85syV5osN2Vu-quoqG7vKw**,1
85syV5osN2Vu1kcsy5j2kA**,1
85syV5osN2VU3BPdifYSyg**,1
85syV5osN2Vuc8mmn6wa-w**,1
85syV5osN2VUd_PLbdcW6Q**,1
85syV5osN2VUg3dhyComQQ**,1
85syV5osN2VulwmBSpbrrA**,1
85syV5osN2VuOQsw4aIXUg**,1
85syV5osN2VUoQwAm_s6GA**,1
85syV5osN2VUQSthRc3rdg**,1
85syV5osN2VUqZuSFPVG0g**,1
85syV5osN2VuRdn_FrjRfQ**,1
85syV5osN2VuuR_yJl8iJA**,1
85syV5osN2VUV1LD7BHvmg**,1
85syV5osN2VuWo9dOLUelw**,1
85syV5osN2VuyhvJU-Kihg**,1
85syV5osN2VuYpZvFD0W0Q**,1
85syV5osN2Vv9y_DftovqQ**,1
85syV5osN2VvD0sETG7WJA**,2
85syV5osN2VVdAiKLtbKCw**,1
85syV5osN2VvDMAl1PAw-A**,1
85syV5osN2Vvex0_ndqy4g**,1
85syV5osN2VVgi7Ry_HpRA**,1
85syV5osN2VvgLjuncayzQ**,1
85syV5osN2VvitHiiCe90Q**,1
85syV5osN2VvLYVZGmKxdw**,1
85syV5osN2VvmurJTTg6SA**,1
85syV5osN2VVr9Q2uH6HrA**,1
85syV5osN2VVSlLZib6BDg**,1
85syV5osN2VVWNAsCY_f2w**,1
85syV5osN2VVwWnBf4jyGQ**,1
85syV5osN2VVZ8_kWfC9Qw**,1
85syV5osN2Vw-EljnzcPwg**,1
85syV5osN2Vw_LJ5-OggCQ**,1
85syV5osN2Vw20l-yGpfXQ**,1
85syV5osN2VW4EOM1yaPiQ**,1
85syV5osN2Vw6FUXVb6ubQ**,1
85syV5osN2Vw6tjdAtpFWA**,1
85syV5osN2VwA-G7hFoQ8g**,1
85syV5osN2VWA-PmUeBS4g**,1
85syV5osN2VWB26JjftbmQ**,1
85syV5osN2VwbV02MU1a-A**,1
85syV5osN2VWCYtuqhvaIA**,1
85syV5osN2VwfTkLqmN9Fw**,1
85syV5osN2VwK7M9hT6wCQ**,1
85syV5osN2VWk80-BuUO-g**,1
85syV5osN2VwKPeeZYZMng**,1
85syV5osN2VWLI55RV_PDQ**,1
85syV5osN2VwMlrgZThdTQ**,1
85syV5osN2VWNw7O7dllTg**,1
85syV5osN2VWoGcg7ky2PA**,1
85syV5osN2VWpN2etEXXZg**,1
85syV5osN2VwsOWxYT3HJA**,1
85syV5osN2VwUzZ0ow0F6Q**,1
85syV5osN2VWvtL4TFC03w**,1
85syV5osN2VWVVa1Xol5yA**,1
85syV5osN2VWxyHT6oxYCA**,1
85syV5osN2Vx-Wuxf4RVMg**,1
85syV5osN2VX_Q7iHCXDzg**,2
85syV5osN2Vx1Z1ktVpfAA**,1
85syV5osN2Vx5gOaVQL2Xg**,1
85syV5osN2VxBYCz871HmQ**,1
85syV5osN2VXCoop5QaCQQ**,1
85syV5osN2VXDuTEVy7bzQ**,1
85syV5osN2VXF0lgcYKs3Q**,1
85syV5osN2Vxf60mNTil8w**,1
85syV5osN2VXGakevtzlSQ**,1
85syV5osN2VxHEJUkk5xMg**,1
85syV5osN2VxIGacFDYCKA**,1
85syV5osN2VXK2rVGlcYgg**,1
85syV5osN2VxlDU1V8DHnA**,1
85syV5osN2VXnB_WOPo1lQ**,1
85syV5osN2VXnertkdb3pg**,1
85syV5osN2VXnpHk_xiomg**,1
85syV5osN2VxPCKscsSXhA**,1
85syV5osN2Vxpt0I0TmHGg**,2
85syV5osN2VXqgR5SRNOIQ**,1
85syV5osN2Vxqp4m18vhTg**,1
85syV5osN2VxsdQjFvmu1g**,1
85syV5osN2VXSZVQ3-8hfw**,1
85syV5osN2VXv4Uvh3eF_Q**,1
85syV5osN2VXvEXkXOZ7Pw**,1
85syV5osN2VXVl1EE9QzCQ**,1
85syV5osN2VxWFUzewOa3w**,1
85syV5osN2VXWK5nXgly9A**,1
85syV5osN2VxwYw-kfXOuQ**,1
85syV5osN2VY-Vd-IfHSTw**,1
85syV5osN2VY1CHAAk2jfQ**,1
85syV5osN2VY2Ij1JQUC9Q**,1
85syV5osN2VY5ToUKnH8MQ**,1
85syV5osN2Vy6oVQW2YRbA**,1
85syV5osN2VY7SRDNCAdAA**,1
85syV5osN2VYBk9VibggKQ**,1
85syV5osN2VyF-Z5BuiKYg**,1
85syV5osN2VyGTFGuGTX0g**,2
85syV5osN2VyjiRnvhWARA**,1
85syV5osN2VYkjTCMoYQXw**,1
85syV5osN2VyKPHDUbpz2Q**,1
85syV5osN2VYLQThLp2lQg**,1
85syV5osN2VYlZdb61-HCw**,1
85syV5osN2VymF22IqLi5Q**,1
85syV5osN2VYmVPFMIvQiQ**,1
85syV5osN2VYNCZAMsgpmA**,1
85syV5osN2VyOB7DEX6SDg**,1
85syV5osN2VYOqquuIWriA**,1
85syV5osN2VyrSI0YgXskQ**,1
85syV5osN2Vysx0GXRW_wA**,1
85syV5osN2VyxXBnFIArAA**,1
85syV5osN2VyYM7uv4PW6Q**,1
85syV5osN2VYyS36QnfHSQ**,1
85syV5osN2VZ5nMraZXpAw**,1
85syV5osN2VzDP8ohvQfyQ**,1
85syV5osN2VZHAyjgnuDNw**,1
85syV5osN2VZkvtiMNyX5A**,1
85syV5osN2VZlEalu-NyvQ**,9
85syV5osN2VZlEmjL57-vQ**,1
85syV5osN2VzPHRd2waaYg**,1
85syV5osN2VZQCc6khNz6g**,1
85syV5osN2VZqiRD2D3DTw**,1
85syV5osN2VZQMFYYA7xzg**,1
85syV5osN2VZrfUlJ7o-Wg**,1
85syV5osN2VZsFSwU3iezw**,1
85syV5osN2VZuWnyBFZdlA**,1
85syV5osN2VzUwvNrKsw4w**,1
85syV5osN2VzV5mVefvtHg**,1
85syV5osN2VZYKbihn5HXg**,1
85syV5osN2VzYkIPmJVXlA**,1
85syV5osN2VZyxK8z34AVw**,1
85syV5osN2W-2a4uyRI8qg**,1
85syV5osN2W-3mpDluTb8w**,1
85syV5osN2W-agDt3pD4LQ**,1
85syV5osN2W-jIuLWgKAWg**,1
85syV5osN2W-lY7-x1Whrw**,1
85syV5osN2W-ndqci_G5BA**,1
85syV5osN2W-o64NEfZ4Bg**,1
85syV5osN2W-OeBnHPrvXw**,1
85syV5osN2W-yFW-w08tqA**,1
85syV5osN2W-yQwOb55NAA**,1
85syV5osN2W-YubaVjKqZw**,1
85syV5osN2W_FcqHw4M94w**,1
85syV5osN2W_GBK-bljmPQ**,1
85syV5osN2W_GGkh1lRJCQ**,1
85syV5osN2W_iEhltY0QIA**,1
85syV5osN2W_jR9HyUNKbw**,1
85syV5osN2W08Z122fyakw**,1
85syV5osN2W0AQ14gN7ovw**,1
85syV5osN2W0C9LOJMwLEg**,1
85syV5osN2W0ErA1egPPhg**,1
85syV5osN2W0Fyjmk9wldw**,1
85syV5osN2W0hCjNL7yQHw**,1
85syV5osN2W0juJ41f9x-w**,1
85syV5osN2W0jW99cFq2gg**,1
85syV5osN2W0LGR9Inct8A**,1
85syV5osN2W0MkmZyhjvpg**,1
85syV5osN2W0NOKZ7rs_SA**,1
85syV5osN2W0nxJSfhS4FA**,1
85syV5osN2W0otSihxQIBQ**,2
85syV5osN2W0tc_FmHyfsQ**,1
85syV5osN2W15-Q1QklT8g**,1
85syV5osN2W17BC3YjcmpQ**,1
85syV5osN2W1b7XK5yGdxw**,1
85syV5osN2W1dDI2OxIJjA**,1
85syV5osN2W1DyB6GyFWgw**,1
85syV5osN2W1g0YFQFzjPA**,1
85syV5osN2W1h8bPlisyDA**,1
85syV5osN2W1LYAYtmfVeg**,1
85syV5osN2W1o6x025xNcA**,1
85syV5osN2W1vMRykHeCeg**,1
85syV5osN2W1vOceBUY3RQ**,1
85syV5osN2W1xrUJL3ON1g**,1
85syV5osN2W2-363eqvuDA**,1
85syV5osN2W254lqHiUlQQ**,1
85syV5osN2W2hrV6XPkbaw**,1
85syV5osN2W2mKNO0eB0eQ**,1
85syV5osN2W2wHEE1tNQuA**,1
85syV5osN2W2wrhojuIOyA**,1
85syV5osN2W2xZBkDayKtw**,1
85syV5osN2W2YgtOk_eqig**,1
85syV5osN2W36TMLjh3yYw**,1
85syV5osN2W376IgaD6B2g**,1
85syV5osN2W38JLtseQqdA**,1
85syV5osN2W3co-D_nhsZw**,1
85syV5osN2W3gODgXuMlTw**,1
85syV5osN2W3jyfmdaZoDg**,1
85syV5osN2W3UxzDzYm7MA**,1
85syV5osN2W3WGAm9Dl_Ww**,1
85syV5osN2W44jVpG-CarA**,1
85syV5osN2W4EnEo75v1sA**,1
85syV5osN2W4f-6Aiq81BA**,1
85syV5osN2W4xL4Fz08exQ**,1
85syV5osN2W4ywufQvlolg**,1
85syV5osN2W51rJgqeI3Lg**,1
85syV5osN2W5gGbMPObeXg**,1
85syV5osN2W5IS6-slp_XQ**,1
85syV5osN2W5o8wX1sgk6Q**,1
85syV5osN2W5Uftu1fUcCA**,1
85syV5osN2W5xErT_I8xxQ**,1
85syV5osN2W5y-TpWt3DKA**,1
85syV5osN2W60iMzOszRvg**,1
85syV5osN2W68h7JLVs1sA**,1
85syV5osN2W6bEHb2rXuWQ**,1
85syV5osN2W6gDYR_-Zldw**,1
85syV5osN2W6GGOpuEixSA**,1
85syV5osN2W6jsDY8im3cg**,1
85syV5osN2W6kL8YyG69Eg**,1
85syV5osN2W6No_KfedeZQ**,1
85syV5osN2W6olmECXWeBg**,1
85syV5osN2W6PZx5BGf-Eg**,1
85syV5osN2W6VXzIDvFJXg**,1
85syV5osN2W7-S135b7PMQ**,1
85syV5osN2W7AA4XsNpyig**,1
85syV5osN2W7HWheuZfPcg**,1
85syV5osN2W7KIq_24f9cw**,1
85syV5osN2W7KLGQ-N3nnA**,1
85syV5osN2W7xgS5gg730Q**,1
85syV5osN2W7XzBAY7HhpQ**,1
85syV5osN2W7yB8MCRFp7A**,1
85syV5osN2W7ZjwzG3supQ**,1
85syV5osN2W89MsYaesGEw**,1
85syV5osN2W8ayz8BlZSAw**,1
85syV5osN2W8B4FQicFJ2A**,1
85syV5osN2W8BjVkIAErDA**,1
85syV5osN2W8CPCbvCDUug**,1
85syV5osN2W8dpgUUIynzQ**,1
85syV5osN2W8eJwx9_RN-Q**,1
85syV5osN2W8FnByuN2ukg**,1
85syV5osN2W8JGt_ptOu7w**,1
85syV5osN2W8JoiqmWbcWw**,1
85syV5osN2W8kfRVKbEccA**,1
85syV5osN2W8mLq-MeZFHw**,1
85syV5osN2W8PwjZ0fG08g**,1
85syV5osN2W9_92CWcsi1w**,1
85syV5osN2W97qfT7iXrHw**,1
85syV5osN2W9CnshyAKnhA**,1
85syV5osN2W9IQ0dk8GZZg**,1
85syV5osN2W9sFjvBV0PLw**,1
85syV5osN2W9SODFXXfzWQ**,1
85syV5osN2W9tijG5BOiAQ**,1
85syV5osN2WA1-ITFaYHdw**,1
85syV5osN2WaA5-GdzP7Ng**,1
85syV5osN2WacJ--nYr2OQ**,1
85syV5osN2WaDZuz5RGj2g**,1
85syV5osN2WAMd39a5-2TA**,1
85syV5osN2Wan8euUlwKDQ**,1
85syV5osN2WaNvRTJg4EKw**,1
85syV5osN2WaQ4GEb4uWEQ**,1
85syV5osN2WaQVhOHvW7Zg**,1
85syV5osN2WaqX8zyhCI0g**,1
85syV5osN2WarD_-WhiCdA**,1
85syV5osN2WaSBF_M9Fkkw**,1
85syV5osN2WASdXMNbdHyQ**,1
85syV5osN2WAsYykNUQy-g**,1
85syV5osN2WaurP_G1mkVA**,1
85syV5osN2WaVP-utCSSqw**,1
85syV5osN2WaWgF0pwz-tA**,1
85syV5osN2WAzi0_39glcQ**,1
85syV5osN2WB4LzqMJNcAA**,1
85syV5osN2WB5Hf90G6ilQ**,1
85syV5osN2Wb8jfhSNkUzQ**,1
85syV5osN2WbAkkpNbIBrg**,1
85syV5osN2Wbcpd94tT4zg**,1
85syV5osN2WbDJSm5N5EFw**,1
85syV5osN2Wbev1OdHyY-Q**,1
85syV5osN2Wbfl-bSHwvuQ**,1
85syV5osN2WBfnsc6_7N4A**,1
85syV5osN2WbJ_JXe6OvRQ**,1
85syV5osN2WbJknoGPdo8w**,1
85syV5osN2WbKEaSK7TlGQ**,1
85syV5osN2WBm6lYbAvtgQ**,2
85syV5osN2WBrIvznsdccw**,1
85syV5osN2WbUG1Uc3XVIA**,1
85syV5osN2WBVLNmzjwwug**,1
85syV5osN2WBVZrUPwzqDg**,1
85syV5osN2Wbw2M1t_Pb9g**,1
85syV5osN2WBxxi2yPg6Bg**,1
85syV5osN2WByCf15qYDoA**,1
85syV5osN2WbYp6l07DtAg**,1
85syV5osN2Wc0gXMEIfHzQ**,1
85syV5osN2Wc1IBWvJC8ag**,1
85syV5osN2Wc3yx0uLO8OQ**,1
85syV5osN2Wc80V7vRceVQ**,1
85syV5osN2Wc9MwNZoX5Qg**,1
85syV5osN2WCdvdKEnwmhg**,1
85syV5osN2WCfQnoqhQbeQ**,1
85syV5osN2WCfsUNzBoOgw**,1
85syV5osN2WCKie2GRcTXQ**,1
85syV5osN2WCpY3-dhtMzA**,1
85syV5osN2WCs_r_y9dXPQ**,2
85syV5osN2WCTjPC59rdEA**,1
85syV5osN2WcwVAnRmuCXw**,1
85syV5osN2WczbiQOC4DeQ**,1
85syV5osN2WD_AqKJZYaKQ**,1
85syV5osN2Wd0xgy_aQK6A**,1
85syV5osN2WD29OdGHlP1Q**,1
85syV5osN2WdCIHGGXwKLA**,1
85syV5osN2WdcuGsV0Gx5w**,1
85syV5osN2WDEGBXaA2a-Q**,1
85syV5osN2WDFcOKPQIDqA**,1
85syV5osN2WDFgwNF6ww_w**,1
85syV5osN2WDh3QcvwX3EQ**,1
85syV5osN2WdiAk4c-ZPRg**,1
85syV5osN2WdIga2vikIfA**,1
85syV5osN2WdJnHQcOoSpA**,2
85syV5osN2WDk8XN6KxowQ**,1
85syV5osN2WdM5y4qz38GQ**,1
85syV5osN2WdqQpXWkwpoA**,1
85syV5osN2WDVF1w4-nXFg**,1
85syV5osN2We3_xNEyiTog**,1
85syV5osN2We51Ij4hJbvg**,1
85syV5osN2WE6t9mwqxXxg**,1
85syV5osN2We7s9wQ8KQsA**,1
85syV5osN2We90YqsCJLBw**,1
85syV5osN2WE9pOKaepvgg**,1
85syV5osN2WeCUon7Xa3uA**,1
85syV5osN2WeD-oSuNHwnw**,1
85syV5osN2Wed-wAOC2TAg**,1
85syV5osN2WEEeMktbKeLQ**,1
85syV5osN2WeEh7yoYqOuQ**,1
85syV5osN2WEFPJiHcHT3Q**,1
85syV5osN2WEHldzpPPKIQ**,1
85syV5osN2WEiA5n5Qd0jA**,1
85syV5osN2WEmw0jecxllQ**,1
85syV5osN2WeoBeEqufXCQ**,1
85syV5osN2WeP4-bzUTODQ**,1
85syV5osN2WEPo3i3FF41g**,1
85syV5osN2WePZz9yr3dfQ**,1
85syV5osN2WeRS3FGPwHCA**,1
85syV5osN2WET-MNVBd3tg**,1
85syV5osN2WEtLo50hcJFA**,1
85syV5osN2WEx-NOfDCacw**,1
85syV5osN2Wexqhs7peVpA**,1
85syV5osN2WeZPvmIop-Ng**,1
85syV5osN2WF1IrgSmS1NA**,1
85syV5osN2WF3lsqVEkzEQ**,1
85syV5osN2Wf6H6VILkwTQ**,1
85syV5osN2Wf86kFgWm88Q**,1
85syV5osN2WfamVE7JBkFA**,1
85syV5osN2WFDYmskcJWJg**,3
85syV5osN2WfEkTJGIxBDA**,1
85syV5osN2WFFGJjxlDjbg**,1
85syV5osN2WFHjvHINKV9Q**,1
85syV5osN2WfHnEgTHe7qw**,1
85syV5osN2WFIEIWH4a3bg**,1
85syV5osN2WFn1gKLR1tKw**,3
85syV5osN2WfN1VOjsIp-A**,1
85syV5osN2WfqK5VB9CI4g**,1
85syV5osN2WfqRCPdUBwmw**,1
85syV5osN2WFsRInJGW45w**,1
85syV5osN2Wfsx31eYxmQw**,1
85syV5osN2WfX63pGFO6KQ**,1
85syV5osN2WG27vYmNcdzA**,1
85syV5osN2WG3_2ldeNhCw**,1
85syV5osN2Wg307jo5UlfA**,1
85syV5osN2Wg3ahC99V8ng**,1
85syV5osN2WG8RbKsPB8KA**,1
85syV5osN2WgAJKHFC3AKg**,1
85syV5osN2WgCa37gvUZBg**,1
85syV5osN2WGe8gotKzNQw**,1
85syV5osN2WGfujZYtJjDg**,1
85syV5osN2WGhUAH02M-GQ**,1
85syV5osN2WgiRMaLnRDDg**,1
85syV5osN2Wgj9TLhOlYjw**,1
85syV5osN2WGkIIHofa1IQ**,1
85syV5osN2WGKmguT9pV6Q**,1
85syV5osN2Wgl46wShu-HA**,1
85syV5osN2WGp4X33lcLiw**,1
85syV5osN2WGPuMsdyDzsg**,1
85syV5osN2WGQIVCX5OsfQ**,1
85syV5osN2WGsbQKlacobA**,1
85syV5osN2Wgt7PmfaxO-A**,2
85syV5osN2WgtGcrCIv3Gw**,1
85syV5osN2WgTQI-G3gWUQ**,1
85syV5osN2WgvTC1pxULVA**,1
85syV5osN2WgW9QKXy6v5g**,1
85syV5osN2WgWKx-_mzz6w**,1
85syV5osN2WGxITtjk0z1w**,1
85syV5osN2WgYb5Uf9DGyw**,1
85syV5osN2WgYBlEv9DIQA**,1
85syV5osN2WGZ8DYhZ5KdQ**,1
85syV5osN2WH2l1iOGQR-g**,1
85syV5osN2WH9FMZ08Zvrw**,1
85syV5osN2WHBvwpnyT2ng**,1
85syV5osN2WHcOc5HUQmYQ**,1
85syV5osN2WhCymwHaQ6hw**,1
85syV5osN2WHhXLdtXR8RQ**,1
85syV5osN2WHIT25fRxyqA**,1
85syV5osN2WhJIB_w1Honw**,1
85syV5osN2WHMvNkIe4nhw**,1
85syV5osN2WhNrpv8ySgQQ**,1
85syV5osN2WhpU5huWF2UQ**,1
85syV5osN2WhrGn09ZRr9w**,1
85syV5osN2WhstCcYwTkcA**,1
85syV5osN2WHU6nIh7W3yQ**,1
85syV5osN2WHUN05QPUhmg**,1
85syV5osN2WHuwG4z8WngQ**,1
85syV5osN2Whv01OaA__EQ**,1
85syV5osN2WHv0EemMOzbQ**,1
85syV5osN2Whvr7IGVRHPg**,1
85syV5osN2WhWioE_qk16Q**,1
85syV5osN2WhxlPGk7p9jg**,1
85syV5osN2WHxu_UIQBboA**,1
85syV5osN2WHYGN2IFIn5w**,1
85syV5osN2WHz8v-RZ2XwA**,1
85syV5osN2WI-98TC6BF-A**,1
85syV5osN2WI1nWqgiVoFA**,1
85syV5osN2WI5FyjmQF2Cw**,1
85syV5osN2Wi5Q6e6mJN2Q**,1
85syV5osN2Wi65s1STZrBA**,1
85syV5osN2WIaaW29FETMw**,1
85syV5osN2WIBPPHW5_n9A**,1
85syV5osN2WIDLtNXU2Rrg**,2
85syV5osN2WigIMOg9_zkA**,1
85syV5osN2WigkM7vKa10w**,1
85syV5osN2WIi_nvFfHuhw**,1
85syV5osN2WiJoGEU5Qh8g**,1
85syV5osN2WijUNwkSPlYA**,1
85syV5osN2WIkF-IyyxE4Q**,1
85syV5osN2WIkwnf9XLlFQ**,1
85syV5osN2WiS0VF2odBLw**,1
85syV5osN2WItq8q8IbG1A**,1
85syV5osN2WiuwRywwVrEQ**,1
85syV5osN2WIx2YlOD7jUw**,1
85syV5osN2Wiz-MMcFCmhQ**,1
85syV5osN2Wj7q2do8capg**,1
85syV5osN2Wj99HctgfkZw**,1
85syV5osN2WJCRyy51I3Tw**,1
85syV5osN2WJDGvCiIjS_g**,2
85syV5osN2Wjiiqkji_G0A**,1
85syV5osN2WJjSmuDka46g**,1
85syV5osN2WjnoVXWKzMEA**,1
85syV5osN2WJNpD_DysL_Q**,1
85syV5osN2WjvBAVuBZhwg**,1
85syV5osN2WjwICTAI4iLg**,1
85syV5osN2WJy9ltriHsfw**,1
85syV5osN2WJZC_JKNUA9A**,1
85syV5osN2WK-_kXyJJXIg**,1
85syV5osN2Wk0kn7-K0ENQ**,1
85syV5osN2Wk31bN0cZW9g**,1
85syV5osN2WK4s8F3Luzpw**,1
85syV5osN2WK67bxNNQJdQ**,1
85syV5osN2WKC7YI_Jhg6g**,1
85syV5osN2WKg43QqOPOHg**,1
85syV5osN2WkgiZTlxfFvg**,1
85syV5osN2WKgxKwh7qSZQ**,1
85syV5osN2WkH4JQ5DO-UA**,1
85syV5osN2WKOEjp5RG2Eg**,1
85syV5osN2WKOFvwhrxzvg**,1
85syV5osN2Wkq1AdGop43Q**,1
85syV5osN2WKr4d2vIeD9w**,1
85syV5osN2WkR6pBqulXEA**,1
85syV5osN2WKS9ougsbaFw**,1
85syV5osN2WKSgELKoG3pg**,1
85syV5osN2WKwuOFFdmKdg**,1
85syV5osN2WkxeYQYUgSig**,1
85syV5osN2WkY8G2zd32VQ**,1
85syV5osN2Wl3OAsUCfCSA**,1
85syV5osN2WL5Wrv2hwiUw**,1
85syV5osN2WLAR2eb_XxuQ**,1
85syV5osN2WLCTmtHw0OJA**,1
85syV5osN2WlDCizorhXHw**,1
85syV5osN2WllRNU3B0aaw**,1
85syV5osN2WLLSnqUWaHEg**,1
85syV5osN2WLpGq-0TGA4w**,1
85syV5osN2WLpvajlFaMdQ**,1
85syV5osN2Wlq4Obj1h_Ew**,1
85syV5osN2WlrcQzHfHK9Q**,1
85syV5osN2WlTNbyqqoeXQ**,1
85syV5osN2WLVInI_1Z6oA**,1
85syV5osN2WLzZbY97gx3A**,1
85syV5osN2WM-RUOi2GCPw**,1
85syV5osN2WM2kZTJ7YLBQ**,1
85syV5osN2WM53lhFqj9zQ**,2
85syV5osN2WMat8z-sKrJA**,1
85syV5osN2WmazAGL26bQA**,1
85syV5osN2WmBgFAYIAwLA**,1
85syV5osN2WMCqQeoYYqGw**,1
85syV5osN2WmdApNcxq6QA**,2
85syV5osN2WMDEK9IiMBXw**,1
85syV5osN2WmEc_fdh1A1w**,1
85syV5osN2WmEQFS8_Fbhg**,1
85syV5osN2Wmh6TPA4zwtQ**,1
85syV5osN2WmL4zzAUj99g**,1
85syV5osN2WmNWWMctHmcQ**,1
85syV5osN2WMO1stZHdLAw**,1
85syV5osN2WMo5tYBNaINw**,1
85syV5osN2WmODD-3UYDFQ**,1
85syV5osN2WMoekY9vRgUQ**,1
85syV5osN2WMP-d23PYJ1w**,1
85syV5osN2WMS86KHz0cww**,1
85syV5osN2WMv4jgy5BJew**,1
85syV5osN2WmvVs5BwE1RA**,1
85syV5osN2Wmw5hs00IZTA**,1
85syV5osN2WmXeGUauVO0w**,1
85syV5osN2WMYFJptVal_g**,1
85syV5osN2WMZR063q6WQw**,1
85syV5osN2WnaaQ_KftbDA**,1
85syV5osN2WnAH8M9-Gy9A**,1
85syV5osN2WNdK6iMhCEEQ**,1
85syV5osN2Wni-ZorYWUmA**,1
85syV5osN2Wno2yaU5QZkg**,1
85syV5osN2Wnp5VjXGEAQQ**,1
85syV5osN2WNR4escyQW3g**,1
85syV5osN2WNUTBII2dtCg**,1
85syV5osN2WnvXEBSYcTvA**,1
85syV5osN2WNWMnkSv-qwA**,1
85syV5osN2WNY_cpuzICQg**,1
85syV5osN2WNyEBHTZ-g6w**,1
85syV5osN2Wo1IA4zLQYaw**,1
85syV5osN2Wo8LhqrQGB-w**,1
85syV5osN2WoB7T85n6N_A**,1
85syV5osN2WObCZqlmh-EA**,1
85syV5osN2WobFKMzDZQ7Q**,1
85syV5osN2WObgU5WVzavg**,1
85syV5osN2WoBIfO7W1IKw**,1
85syV5osN2WOd31D1IeSTA**,1
85syV5osN2WoEUA-xvPRuQ**,1
85syV5osN2WOImMbIsPpXg**,1
85syV5osN2WOq37Lg2VuDQ**,1
85syV5osN2WOs2mnxeA8SA**,1
85syV5osN2WOtZmjf8JHvQ**,1
85syV5osN2WOVYAnDTGqeA**,2
85syV5osN2WOwnDzTCy-iA**,1
85syV5osN2WP-cBs5Vl_Zg**,1
85syV5osN2Wp2wc-EjNwyw**,1
85syV5osN2Wp3UOtzVvpAQ**,1
85syV5osN2WP42nSC-6deQ**,1
85syV5osN2WP4TK9P7Vh3A**,1
85syV5osN2Wp7HHNfQoDHQ**,1
85syV5osN2WP7ODYDnGQHA**,1
85syV5osN2WpaDkpHWxIbA**,1
85syV5osN2WpaSCo13kZBA**,1
85syV5osN2WPawFKiYKuTw**,1
85syV5osN2WPBT1usHH1ug**,1
85syV5osN2WpFe6OexOJlQ**,1
85syV5osN2WPJ9O7U-_m8g**,1
85syV5osN2WpSMlR_f-sBg**,1
85syV5osN2WQ0m8EMN-xVQ**,1
85syV5osN2Wq8qLtACXJzg**,1
85syV5osN2Wqaon_dC2MIA**,1
85syV5osN2WqbMI3TEvVTg**,1
85syV5osN2WQfTljosWFsw**,1
85syV5osN2WqMZJVDYsGyQ**,1
85syV5osN2WQoBIpB7y_qg**,1
85syV5osN2WQp7qZw5mUsw**,1
85syV5osN2WQPOwWbIpJEg**,2
85syV5osN2WqR2GF1dFhWQ**,1
85syV5osN2WqtgDY6Kji6A**,1
85syV5osN2WQvb3oUPoPNg**,2
85syV5osN2WQXxLFX8wJiA**,1
85syV5osN2WQy7aWi20cdA**,1
85syV5osN2WQySB3RVV81A**,1
85syV5osN2Wqyxf5V4fdJQ**,1
85syV5osN2WqzLxY6K7H1A**,1
85syV5osN2WRa_adv99Opw**,1
85syV5osN2WRB3h1epxDqg**,1
85syV5osN2WrBmgKQiYSiA**,1
85syV5osN2WrFQ2Q0PBycQ**,2
85syV5osN2WrgmV-vV5RMw**,1
85syV5osN2WRkQm9gsJ59w**,1
85syV5osN2WRpXfcznd8ZA**,1
85syV5osN2WrusR5vLX3UQ**,1
85syV5osN2WRv0cHyfi96Q**,1
85syV5osN2Wrv2jRGevQmA**,1
85syV5osN2WRZ0UyVelLBw**,1
85syV5osN2Wrzqu8AeDIiA**,1
85syV5osN2Ws4psxtBFI9A**,1
85syV5osN2WS7YDNh730Gg**,1
85syV5osN2WS90roTxYmLA**,1
85syV5osN2Ws9jpw1sa4Fw**,1
85syV5osN2WSBRGOrptTGQ**,1
85syV5osN2WSBw5WbgkNVQ**,1
85syV5osN2WsBYNKeKynjA**,1
85syV5osN2WsFu4Prr0Cog**,1
85syV5osN2WskEDFdTLqIg**,1
85syV5osN2WSkMduNk0_hQ**,1
85syV5osN2WslxNhoTxPUg**,1
85syV5osN2WsMPZT5v5IgA**,1
85syV5osN2WsN_2VsbsIeQ**,1
85syV5osN2WSOQi8-3tjmA**,1
85syV5osN2WSpqTEZqZETw**,1
85syV5osN2Wsq5MbMWgDuA**,1
85syV5osN2WsQXl_OcO1Uw**,1
85syV5osN2WsU0MmvfCpVQ**,1
85syV5osN2WSyOYlMGP5Dw**,1
85syV5osN2Wt_LcEK3l1eg**,1
85syV5osN2WT0G5DWvQ6eg**,1
85syV5osN2Wt6eO-pT6vnw**,1
85syV5osN2WT6lD_esD4zg**,1
85syV5osN2WT7IuJwiidQA**,1
85syV5osN2WtaHC4VyddRA**,1
85syV5osN2WTaN5slLruBg**,1
85syV5osN2WTBbuoITpmqg**,1
85syV5osN2WTfkUcvQqHLA**,1
85syV5osN2WtHES0bkukVw**,1
85syV5osN2WThW6uKdrEvg**,1
85syV5osN2WtHwtJr-HGfA**,1
85syV5osN2WtjFlJ7K4IdQ**,1
85syV5osN2WTl97yciaO0Q**,1
85syV5osN2WtmBTAT0LIYA**,1
85syV5osN2WtmjVhDAbMsQ**,1
85syV5osN2WTP-FoUwS2fQ**,1
85syV5osN2WTPhWMSYvVkA**,1
85syV5osN2WTrfwcnkswJw**,1
85syV5osN2WtTjyjtbKQKA**,1
85syV5osN2Wtul5Rl1maJA**,1
85syV5osN2WtwaGr1MgaWw**,1
85syV5osN2WTwoFjm0YXHA**,1
85syV5osN2WtZ97VpBkAzA**,1
85syV5osN2WTzSbsPthCfQ**,1
85syV5osN2Wu-afP_gT3dw**,1
85syV5osN2WU1_T0aX7PoQ**,1
85syV5osN2WU5HF-CcmAKw**,1
85syV5osN2Wu6BeAxlemjg**,1
85syV5osN2WU7i25EBglaw**,1
85syV5osN2WUAEhV1Xt-Ng**,1
85syV5osN2WubGFjksuYEw**,1
85syV5osN2Wuc7cMV89ksQ**,1
85syV5osN2WUCipHkO0asA**,1
85syV5osN2WUCMC1l1v-3A**,1
85syV5osN2WUd9YYSMPRNA**,1
85syV5osN2WueWCxa7IriA**,1
85syV5osN2WuHaJFSPSwtw**,2
85syV5osN2WUhHX42COv7g**,1
85syV5osN2WuLa8LYSh4Gg**,1
85syV5osN2WUNKRqNXldWw**,1
85syV5osN2WuORh8cst0aA**,1
85syV5osN2Wur1KAPW3S6Q**,1
85syV5osN2WuSsrDNZM8fg**,1
85syV5osN2WUUoFYy87Qzw**,1
85syV5osN2WUVbEFDNc9tQ**,1
85syV5osN2Wv0j87EB3YmQ**,1
85syV5osN2Wv6H8mYBZdBw**,1
85syV5osN2WVADoCiA4P8w**,1
85syV5osN2WvIGtf5zkYtA**,1
85syV5osN2WvkHaW9R6enA**,1
85syV5osN2Wvla_cYk1Itw**,1
85syV5osN2WVmEpGLC8KkA**,1
85syV5osN2WVMLfPzoHVRw**,1
85syV5osN2WvpH2qfblF6g**,1
85syV5osN2WVQNX59hYLOw**,1
85syV5osN2WVQw3eNomRVw**,1
85syV5osN2WVud48AvZVSA**,1
85syV5osN2WvUUtJXuATYg**,1
85syV5osN2WVxNogoCpitw**,1
85syV5osN2WvXY-jitoNnw**,1
85syV5osN2WvZkVgQqjydA**,1
85syV5osN2Ww-Hd9gGjs2w**,1
85syV5osN2Ww-IJZHMJWfg**,1
85syV5osN2Ww-vNhEjzdIQ**,1
85syV5osN2Ww3rjyezTSSg**,1
85syV5osN2WW7iG8GG4Nhg**,1
85syV5osN2WW8-f7zR_dFg**,1
85syV5osN2WwcLRtIYE9Ww**,1
85syV5osN2WWf-FQfjguug**,1
85syV5osN2WWjiL70UEUjw**,1
85syV5osN2WWKdu_sRz09A**,1
85syV5osN2WwPTjqGD1XXQ**,1
85syV5osN2WWqL1qsjek6A**,1
85syV5osN2WWrFt5SpNlMA**,1
85syV5osN2WWrrhHMuP1og**,1
85syV5osN2WWXj3ooA_3Yg**,1
85syV5osN2WWXTgLSj5zPQ**,1
85syV5osN2WwZJA7dmiSgQ**,1
85syV5osN2WWZM_kclr6ww**,1
85syV5osN2Wx_eC0PnljMA**,1
85syV5osN2WX1-6v0OrfdA**,1
85syV5osN2WXBvoa8jAGdw**,1
85syV5osN2WXDtaD7oSEOQ**,1
85syV5osN2WxfEmxGn2hDg**,1
85syV5osN2WxGH2cIw4frw**,1
85syV5osN2WXiij2v30i8g**,1
85syV5osN2Wxk49btLAMDg**,1
85syV5osN2WXKVdT-JljHw**,1
85syV5osN2WxlVyei3RCpg**,1
85syV5osN2WXnsy6OVSOUQ**,1
85syV5osN2Wxo64brwx_ZA**,1
85syV5osN2WxQw791mJ-sQ**,1
85syV5osN2WXUoqwZJHXIQ**,1
85syV5osN2WXUOtXCUjxgw**,1
85syV5osN2WXuSlkY4RbeQ**,1
85syV5osN2WxvjcVW-aQVQ**,1
85syV5osN2WxwMbABZOX2g**,1
85syV5osN2WXwXf1msnuGQ**,1
85syV5osN2Wxxj4rEcyzhg**,1
85syV5osN2WxXRpd3RUAyw**,1
85syV5osN2WxYD-SU09BeA**,1
85syV5osN2WXZ7UULecg5w**,1
85syV5osN2WxzH_eAI9Myw**,1
85syV5osN2WXzkbTtyrbTA**,1
85syV5osN2WY-y1fY1KP6w**,1
85syV5osN2Wy0EMENJUk4g**,1
85syV5osN2WY1Bm6YJ5s7g**,1
85syV5osN2Wy4cOQN8mLiA**,2
85syV5osN2WY4PI8o0TkPA**,1
85syV5osN2WyAkmRfezIjA**,1
85syV5osN2WyAOvbiP2Sxw**,1
85syV5osN2WYAWLKeyF3uw**,1
85syV5osN2WyBqdPKaQoyw**,1
85syV5osN2WYiN7LOOk1lQ**,1
85syV5osN2WyLnBRBwrFTA**,1
85syV5osN2WyRITWOVe0Gg**,1
85syV5osN2WySd3GiRs1mw**,1
85syV5osN2WyT8GJOoZREg**,1
85syV5osN2WyTHWvkev4RA**,1
85syV5osN2WytpSzNbHMMg**,1
85syV5osN2WYtTvqmAQWpw**,1
85syV5osN2WyudKcK-TK4g**,1
85syV5osN2WYwSTnZkQK5w**,1
85syV5osN2Wyxbt_Mf0Zxg**,1
85syV5osN2WyYtzXa4IT3g**,1
85syV5osN2Wz55RlyCXE9A**,1
85syV5osN2Wz6SgnxUNMOQ**,1
85syV5osN2WZ7ApcQT8RCA**,1
85syV5osN2WzaJJ_GrR4IA**,1
85syV5osN2WzaYvrjiiuUw**,2
85syV5osN2WzF6bI2Kc6qg**,1
85syV5osN2WZIyocS0TswQ**,1
85syV5osN2WZMcpudhy5ow**,1
85syV5osN2WzP9uptZk49A**,1
85syV5osN2WZy_3pMmanAA**,1
85syV5osN2X-6DgMtYCL5g**,1
85syV5osN2X-cy_wdwfviA**,1
85syV5osN2X-eM7KBAZWkA**,1
85syV5osN2X-h-iZ_gLhxg**,1
85syV5osN2X-HaDOO6MEVw**,1
85syV5osN2X-MtV8iST9wQ**,2
85syV5osN2X-sMdo24dWuw**,1
85syV5osN2X-WetDZMba3A**,1
85syV5osN2X_E3MUMC_t9A**,1
85syV5osN2X_Km_tltlC2w**,1
85syV5osN2X_tGU18K3aCw**,1
85syV5osN2X_xhHoUML37Q**,1
85syV5osN2X0_YAxbIYs2g**,1
85syV5osN2X07hhhrqLBAA**,1
85syV5osN2X07jgyxhhkag**,1
85syV5osN2X08QFW-51_dg**,1
85syV5osN2X0aG-bV3kz_g**,3
85syV5osN2X0eG9zMeMjpg**,1
85syV5osN2X0Fi5DQbVbug**,2
85syV5osN2X0PyAY-9I1Gw**,1
85syV5osN2X0qjRF0tdr4Q**,1
85syV5osN2X0TWrcJlYxlA**,1
85syV5osN2X0ubeOwbCqvg**,1
85syV5osN2X1BDytipDLdg**,1
85syV5osN2X1dAD7pe5LIg**,1
85syV5osN2X1dYnU7iCp-Q**,1
85syV5osN2X1E-4e0CSBXQ**,1
85syV5osN2X1Lb7NdwigJw**,1
85syV5osN2X1P9wbVp13DQ**,1
85syV5osN2X1tsHUN-nwxQ**,1
85syV5osN2X1w4l7c-_2Bg**,1
85syV5osN2X22GnVmbb5Bw**,1
85syV5osN2X26-Fo5Qaypw**,1
85syV5osN2X264gAh1y9lw**,1
85syV5osN2X2AQDpe9yPAg**,1
85syV5osN2X2AYPfsyAt3g**,1
85syV5osN2X2HNatLJMoFw**,1
85syV5osN2X2qYBRnmZiRA**,1
85syV5osN2X2wOXqTYA2KQ**,1
85syV5osN2X2XWAkEiiVZQ**,1
85syV5osN2X2z48gssNzag**,1
85syV5osN2X36iAnAr7Egg**,1
85syV5osN2X3CtrOQHonuA**,1
85syV5osN2X3d3XWBB5GgA**,2
85syV5osN2X3ErV_QdPS7Q**,1
85syV5osN2X3gvP4qKMkqw**,1
85syV5osN2X3QQPAKPzmSw**,1
85syV5osN2X3S1n8uG3R5A**,1
85syV5osN2X3s1TtRRNRwg**,1
85syV5osN2X3uLAosDmwug**,2
85syV5osN2X3y_06WzAWqg**,1
85syV5osN2X3YEyP6z69qg**,1
85syV5osN2X4-t83eV0euA**,1
85syV5osN2X447yIlXigXA**,1
85syV5osN2X45oyGMsvXvw**,1
85syV5osN2X47BaFEkBnLw**,1
85syV5osN2X4Bl2ZZUHAfA**,1
85syV5osN2X4dpC9IbGz1Q**,1
85syV5osN2X4KzfUGUDZDw**,1
85syV5osN2X4MRGX1OKOcw**,1
85syV5osN2X4OIs5bbubYA**,1
85syV5osN2X4sPkGxt5KwA**,1
85syV5osN2X4Sv_GqkbVBA**,1
85syV5osN2X4x9CvFIfeHA**,1
85syV5osN2X5-tqxSvtxrA**,1
85syV5osN2X5_P1jbJSFiQ**,1
85syV5osN2X5AxeRMh8yVQ**,1
85syV5osN2X5ljll4q9bFA**,1
85syV5osN2X68JuCtQol5w**,1
85syV5osN2X6ALm-z6pvNg**,1
85syV5osN2X6GcwR4TSOpA**,1
85syV5osN2X6gyHotYeTaA**,1
85syV5osN2X6MwvVDsncAw**,1
85syV5osN2X6p90gboBctA**,1
85syV5osN2X6qPv680JiGg**,1
85syV5osN2X6RkrfeonwuA**,1
85syV5osN2X6t49lRnXf-g**,2
85syV5osN2X6TKql3I8F_w**,1
85syV5osN2X6uyUq7nXaMQ**,1
85syV5osN2X6y1aQxv7Xbw**,1
85syV5osN2X6yrymIU3y6g**,1
85syV5osN2X70G6qGUDXwA**,1
85syV5osN2X75kDjsSR55w**,1
85syV5osN2X7871OOxozsw**,1
85syV5osN2X7alHZj4qI7w**,1
85syV5osN2X7Bh-ttv8CBg**,1
85syV5osN2X7DHP8QRSvBg**,1
85syV5osN2X7H4PVvfIscw**,1
85syV5osN2X7RX4JCauIfA**,1
85syV5osN2X8-ZMcq-jRFg**,1
85syV5osN2X81xW39T7lfQ**,1
85syV5osN2X8eDxw1xqnEA**,1
85syV5osN2X8eFkS4AFQJg**,1
85syV5osN2X8gCkns7PGdg**,1
85syV5osN2X8jb4-wtXNXw**,1
85syV5osN2X8lGJjW5BHzA**,1
85syV5osN2X8pQSQROV71A**,1
85syV5osN2X8ZVGZ5hw7qQ**,1
85syV5osN2X90GcGCxgXcQ**,1
85syV5osN2X9KI_TujtfBg**,1
85syV5osN2X9PYuCLCO8Qw**,1
85syV5osN2X9uDeC89h-og**,1
85syV5osN2X9WXAPQyx-Jg**,1
85syV5osN2XA-stFzYR_Jg**,1
85syV5osN2Xa5MJCSMp75A**,1
85syV5osN2Xa6vDOzhIO8A**,1
85syV5osN2XaabBxsjzrNA**,1
85syV5osN2XacCDOeTg3XA**,1
85syV5osN2XAJD8Fqc5Iww**,1
85syV5osN2XAJQzWPys9-A**,1
85syV5osN2XAjypzg9IN8w**,1
85syV5osN2XaJZ3FYKNa5A**,1
85syV5osN2XALAwVb30ljQ**,1
85syV5osN2XAMbQSGmTSlQ**,1
85syV5osN2Xaomq7KTKWDA**,1
85syV5osN2XApQaqkTXpaw**,1
85syV5osN2XaTZB_MAtjjA**,1
85syV5osN2XAuTlL3PFCKg**,1
85syV5osN2XAvUHVeAu_3g**,1
85syV5osN2XaWrQMYKC9rQ**,1
85syV5osN2XAWYngNgVVJg**,1
85syV5osN2XAzxlUycjfjA**,1
85syV5osN2Xb43DSvBaRkg**,1
85syV5osN2XB8S2KUchBfA**,1
85syV5osN2XBamfmJLCb8g**,1
85syV5osN2XBczOtoxKgAw**,1
85syV5osN2XbfFlPlsORNQ**,1
85syV5osN2XbgPfmXxP1mA**,1
85syV5osN2XBH8uUlsKo-A**,1
85syV5osN2XBJyFWdZZj8A**,1
85syV5osN2XBKd-hqa1zXg**,1
85syV5osN2XbmQd62lF7fg**,1
85syV5osN2XBn7uYz-JFwQ**,1
85syV5osN2XbOJGnBU65iA**,1
85syV5osN2XbPpLf8yhdNg**,1
85syV5osN2XBRg0D34_nXw**,1
85syV5osN2XBs5uCiqemKQ**,1
85syV5osN2XBYoOxyAtPgw**,1
85syV5osN2Xc0e5Y03sdkQ**,1
85syV5osN2XC0N6P2patYg**,1
85syV5osN2Xc1MJ2XbdzsA**,1
85syV5osN2XC2Xm-LfD4aQ**,1
85syV5osN2Xc3jS9Tu10nw**,1
85syV5osN2XCAwQ851fSOg**,1
85syV5osN2XCB_wmP4UKZw**,1
85syV5osN2XCDG_LX0Ptmg**,1
85syV5osN2XCeDhwcFM7bg**,1
85syV5osN2XCgLfKsFiocw**,1
85syV5osN2Xck0W7SGNswg**,1
85syV5osN2XcK4ZFtn8Bew**,1
85syV5osN2XcKCdEl__htA**,1
85syV5osN2XClbkcldb4Vg**,1
85syV5osN2XCOPu6rsyvwg**,1
85syV5osN2XcOwjdc69VAQ**,1
85syV5osN2XcqZJQn4yKnA**,1
85syV5osN2XCrU6Nhs9jeA**,1
85syV5osN2Xct71XabrubQ**,1
85syV5osN2XcthMxM9_ymw**,1
85syV5osN2Xcua3h4xYl9Q**,1
85syV5osN2XCucYyNfdVDA**,1
85syV5osN2XCvqHzeTiqcQ**,1
85syV5osN2Xcw0a-Ybm_NQ**,1
85syV5osN2XcykGY9TzsCA**,1
85syV5osN2XD0jGXF9FVVA**,1
85syV5osN2XD9yjdUieVJw**,1
85syV5osN2XdCEWu3Qvx3w**,1
85syV5osN2XDd0rBTllsxw**,1
85syV5osN2Xdh3GuYata9w**,1
85syV5osN2XDHjnXV49AEA**,1
85syV5osN2XdjNAR2mA0cw**,1
85syV5osN2XdkCAmSqVo-g**,1
85syV5osN2XDKvMaNPEUiA**,1
85syV5osN2XdlM5JTTFwgw**,1
85syV5osN2Xdn6x5lszMcw**,1
85syV5osN2XDr_hRbGKbng**,1
85syV5osN2XDrEmvkGYeRg**,1
85syV5osN2XDTFsxXK9xeg**,1
85syV5osN2XDyHcJwL2ADw**,1
85syV5osN2XdYJinRHBUCg**,1
85syV5osN2XdySSnV62Y7Q**,1
85syV5osN2XdzcjFP7tOLQ**,1
85syV5osN2XE3FLQqPq9YA**,1
85syV5osN2XE4XYR8DWW4A**,1
85syV5osN2Xea46t3AuSRg**,3
85syV5osN2XEaRb-iVWG5w**,1
85syV5osN2XEbD8IjJD3hw**,1
85syV5osN2XeCps3OwWtqA**,1
85syV5osN2XeCRMZW63Vtw**,1
85syV5osN2XEedFMdor5uw**,1
85syV5osN2XeeHmbSY7tBQ**,1
85syV5osN2XEGos2YkeVpg**,1
85syV5osN2XemBXELn_0Vg**,1
85syV5osN2XEmwu2PXCjXA**,1
85syV5osN2XEPAranlCyBA**,1
85syV5osN2XESCqzRGD1fQ**,1
85syV5osN2XesWliBTOpXw**,1
85syV5osN2XeTt4ySkhUXw**,1
85syV5osN2XeUarA7dRMaw**,1
85syV5osN2XEuWLzLrmjjg**,1
85syV5osN2XEVJ93dk74Hg**,1
85syV5osN2XEwx5lw8PsZQ**,1
85syV5osN2XeXW0lYb1niA**,1
85syV5osN2Xf0Mu0VzAE4A**,1
85syV5osN2XF9dkUzdqlfg**,1
85syV5osN2XF9TLV5Px0qA**,1
85syV5osN2XFCdIAEFwWVQ**,1
85syV5osN2XfdxCGTo6cDg**,1
85syV5osN2XfgpmLGXJHbg**,1
85syV5osN2XfhXsR3kmLYg**,1
85syV5osN2XFJWue9acbtg**,1
85syV5osN2XfmCPkfTteHQ**,1
85syV5osN2XfMJISjJrvog**,1
85syV5osN2XfMuEwf5m3ew**,1
85syV5osN2XFpvv1deTbgg**,1
85syV5osN2XFq-LW9v1b8Q**,1
85syV5osN2XfQOBAkREgIw**,1
85syV5osN2XftElcP8-_zg**,1
85syV5osN2XfUaK_98wcgQ**,1
85syV5osN2XFUeLNdMi88g**,1
85syV5osN2XFURaOsIh47g**,1
85syV5osN2XfXrTbMwHYuA**,1
85syV5osN2XfztYdQF71SQ**,1
85syV5osN2XG5If5glFDuA**,1
85syV5osN2XG6CQ3p27D1A**,1
85syV5osN2Xgb16poQU-0w**,1
85syV5osN2XgbmDBNKueJg**,1
85syV5osN2XGBO7NTKjO3w**,1
85syV5osN2XGfZxrXYNdXg**,1
85syV5osN2XgHKu4wj5Ghg**,1
85syV5osN2XgIgMEy5h3FA**,1
85syV5osN2XgkUcSjeo8Jw**,1
85syV5osN2XGMGq9wyUC0g**,1
85syV5osN2XgSOwXxKnB9A**,1
85syV5osN2XgtK5keLmGkA**,1
85syV5osN2XGtw0Ev6Y71A**,1
85syV5osN2Xgw84l6iOYLA**,1
85syV5osN2XGWWWG0Uwazg**,1
85syV5osN2XgxogxtL2rMQ**,1
85syV5osN2XGY69lSEonUQ**,1
85syV5osN2XH_RGUMGelZQ**,1
85syV5osN2Xh0LCt290Dmg**,1
85syV5osN2Xh7q8_D6xjFA**,1
85syV5osN2XhAEDobx-nmQ**,1
85syV5osN2XhB3mMjD8cZA**,1
85syV5osN2XHD77Hs0nAfg**,1
85syV5osN2XHDfSPT4JU5Q**,1
85syV5osN2XHF8HtUWLN_w**,1
85syV5osN2XhiY-9K0788g**,1
85syV5osN2XHKXXHYjR2yQ**,1
85syV5osN2XhOcPD2ig_YA**,1
85syV5osN2XHPJkgeR3VNQ**,1
85syV5osN2XHs15SMySodw**,1
85syV5osN2XHZjZ5cBUGZg**,1
85syV5osN2XI8Ul34CqaRg**,1
85syV5osN2XIbDqUQ1jDbg**,1
85syV5osN2XiC1gDXwoZ0A**,1
85syV5osN2XIc4xI-vaBhw**,1
85syV5osN2XiCS6WVrprLg**,1
85syV5osN2XIcZNAOwRKvw**,1
85syV5osN2XiFnqYoNAmHw**,1
85syV5osN2XiNf4wT7tpSw**,1
85syV5osN2XinO-eqKHsCQ**,1
85syV5osN2XIpqEQJRYzjg**,1
85syV5osN2XiQg70GGNgcQ**,1
85syV5osN2XiRjhUvBBWBw**,1
85syV5osN2XIrLCYaS090A**,1
85syV5osN2XiuDq4jLtj1Q**,1
85syV5osN2XIv8LQT8vNkQ**,1
85syV5osN2XiVC99RFWsgg**,1
85syV5osN2XIVOG632Vwsg**,1
85syV5osN2XiWivDto29Zw**,1
85syV5osN2XiyxFv1ZOKTQ**,1
85syV5osN2XiZDkmEWvh9Q**,1
85syV5osN2XJ-P9gFIkhcw**,1
85syV5osN2XJ1XWNF9Zfaw**,1
85syV5osN2Xj4aKWgh32fA**,1
85syV5osN2Xj4IY-_lKmhg**,1
85syV5osN2Xj5sXRALjKug**,1
85syV5osN2XJ8V5YzprgpA**,1
85syV5osN2Xj95ihgfxzDQ**,1
85syV5osN2Xj9eMTucgwoQ**,1
85syV5osN2XJ9PCfm08w5g**,2
85syV5osN2XJau7_-dzQZA**,1
85syV5osN2XJbigHQQZCDw**,1
85syV5osN2XjfgUfBOffGg**,1
85syV5osN2XJFnQGYi_gNw**,1
85syV5osN2XJgU58ODUj7w**,1
85syV5osN2XJIN0mW6NNfA**,1
85syV5osN2XJjS1kjWrVhA**,1
85syV5osN2Xjll7uA8vFpg**,1
85syV5osN2XJLp3cFcrTvA**,1
85syV5osN2XjM3KzmxcADA**,1
85syV5osN2XJmMfm3T_iyw**,1
85syV5osN2Xjnm5NZMsTag**,1
85syV5osN2XjQFr4TqshUw**,1
85syV5osN2XjQzR1BAWA3g**,1
85syV5osN2XJV15BUpb2Tg**,1
85syV5osN2XJxnzWh3heLQ**,1
85syV5osN2XJyc3V_gFR5Q**,1
85syV5osN2XJYDi-PPe-JA**,1
85syV5osN2XkbpNleO0eyw**,1
85syV5osN2XkdQPN5LoEeA**,1
85syV5osN2XKfV8LKE8gbw**,1
85syV5osN2XkG_SxBtMTKA**,1
85syV5osN2XkgvUxHF_WUA**,1
85syV5osN2XKLz4ZiEbgkA**,1
85syV5osN2XKNEAGmC4E8A**,3
85syV5osN2XKNZpGv3BvDg**,1
85syV5osN2XkpjjUjanCtQ**,1
85syV5osN2XkPLcR2igSDg**,1
85syV5osN2XKqXTJre_Hog**,1
85syV5osN2XKSqOQGARanA**,2
85syV5osN2Xkw4JFF6h6vQ**,1
85syV5osN2XkZybc36BWWg**,1
85syV5osN2XL1QF0xUAWjQ**,1
85syV5osN2XLayqfdHR9Aw**,1
85syV5osN2XLBm_Hln6m_Q**,1
85syV5osN2Xld4o4nOMm4w**,1
85syV5osN2XlfJswYjxksQ**,1
85syV5osN2XLjd37bqySEA**,1
85syV5osN2XLjpZCPi3vNA**,1
85syV5osN2XlLQseT9EwSw**,1
85syV5osN2XlmN4fSH3ueQ**,1
85syV5osN2XLRw8tU25vzA**,1
85syV5osN2XLt6vDBMdcMQ**,1
85syV5osN2XLVFe9TmbFmQ**,1
85syV5osN2XlVoxOI3Aakg**,1
85syV5osN2XLwaP17UUfcw**,1
85syV5osN2XM_0qY6ybd9A**,1
85syV5osN2Xm2aSFnbxKRA**,1
85syV5osN2Xm2IRZnOybzw**,1
85syV5osN2XM4hI7heiGng**,1
85syV5osN2XM5bEtxpW5VQ**,1
85syV5osN2Xm5v2kcSDOMw**,1
85syV5osN2XM6gdjh4302Q**,1
85syV5osN2XM8du15iw2Zg**,1
85syV5osN2XM8xKEAmyjuQ**,1
85syV5osN2XMA89F_s6V6Q**,1
85syV5osN2XMCcHsLVUcZw**,1
85syV5osN2XMdOGsQKS7dg**,1
85syV5osN2XmEGG30sO0yw**,1
85syV5osN2XMewzSiL5N0Q**,1
85syV5osN2XmfL0cwij8Sw**,1
85syV5osN2XMICv84H0ZNA**,1
85syV5osN2XmJt7Y_j4TrQ**,1
85syV5osN2XmOw9h7vyn4w**,1
85syV5osN2XMqPOgX87LPA**,1
85syV5osN2XmS961uFoN4A**,1
85syV5osN2XmsCyqDwJhkQ**,1
85syV5osN2XmyZCqFAM_HQ**,1
85syV5osN2Xmz7XJaIoBzQ**,4
85syV5osN2XMZXbZXLx_kg**,1
85syV5osN2XN-abnyCvj8Q**,1
85syV5osN2XN-jzIfi9dCg**,1
85syV5osN2Xn1NY39J7gSw**,1
85syV5osN2XNbHINfsc9Kw**,1
85syV5osN2XNbiWZbFIwDg**,1
85syV5osN2XNbP6nr375hA**,1
85syV5osN2XNc_bcy9W9Mw**,1
85syV5osN2XNDS5J2E4bPA**,1
85syV5osN2XNH-VdGRO6Cw**,1
85syV5osN2XNhHVCYVyxOA**,1
85syV5osN2XnHkmRxWi7bQ**,1
85syV5osN2XNI-38QSd6YQ**,1
85syV5osN2XnJlv2lAaBuQ**,1
85syV5osN2XnjPvYHjNe1A**,1
85syV5osN2XNl38ONduL1A**,1
85syV5osN2XNL3NIRYMDMg**,1
85syV5osN2XNmwscJuObVQ**,1
85syV5osN2XnpMngcfOU1A**,1
85syV5osN2XNPn4idvix1w**,1
85syV5osN2XnPrUWPxOeLQ**,1
85syV5osN2XnrJpLc_blpA**,1
85syV5osN2XnrND54ii3sA**,1
85syV5osN2XnuKgBSG7Frw**,1
85syV5osN2XNW5DI_kSC2Q**,1
85syV5osN2XnzbkXbF5uUA**,1
85syV5osN2XNZZkAswYB0g**,1
85syV5osN2XO-kaTR4K8sQ**,1
85syV5osN2Xo_AF65KKHLA**,1
85syV5osN2XO1BSjfo6PTw**,1
85syV5osN2Xo8Z3-WKo-0Q**,1
85syV5osN2XOA0vjVi5LJw**,1
85syV5osN2XOaOISZF3m1Q**,1
85syV5osN2XOd9SEwwQ0mA**,1
85syV5osN2XoF340dB3lNg**,1
85syV5osN2XOfUT8qN-EmA**,1
85syV5osN2Xog4Ml7lrxJA**,1
85syV5osN2XojOzTRobDlg**,1
85syV5osN2XOJwva1MniVw**,1
85syV5osN2XOKa2so--jLQ**,1
85syV5osN2XoKwm2JPGCEA**,1
85syV5osN2XoLtE-i912cQ**,1
85syV5osN2Xoqas7FyVawg**,1
85syV5osN2XorkfEAX2GTQ**,1
85syV5osN2XosUFi2Hpzqw**,1
85syV5osN2XOtF0JN0HUug**,1
85syV5osN2XOURQKEn4aWg**,1
85syV5osN2XovonsVer4xg**,1
85syV5osN2XOVrCg4eHtKw**,1
85syV5osN2Xp6b4Jl3VAAA**,1
85syV5osN2XPBATzCSXBaw**,1
85syV5osN2XpcUHZ7WkhRA**,1
85syV5osN2XPdVvwLX0QJg**,1
85syV5osN2XpfOhsjX9LPQ**,1
85syV5osN2XphIVnbKyqTA**,1
85syV5osN2XpHZiTIwMLYA**,1
85syV5osN2XpIAnCQLo6tQ**,1
85syV5osN2XPjAUAv5tGUQ**,1
85syV5osN2XPJmmwGzSi1w**,1
85syV5osN2XplAdI4oXf5g**,1
85syV5osN2XpmKxRKsH9EA**,1
85syV5osN2XpsGWl4rz5rQ**,1
85syV5osN2XpT-zAnO8g-Q**,1
85syV5osN2XPUfMzGS-qkQ**,1
85syV5osN2XpuS34U_POdQ**,1
85syV5osN2XPvqwbeZmkfQ**,1
85syV5osN2XPXjbyreYmPQ**,1
85syV5osN2XPYXRgqf6img**,1
85syV5osN2XpZ01NXmaeXw**,1
85syV5osN2XPZEWYfWvVOQ**,1
85syV5osN2XPZh5N0MnQjw**,1
85syV5osN2XQ4wX6MpxF4g**,1
85syV5osN2XQ59ICAhultQ**,1
85syV5osN2Xq7KTT8uirUg**,1
85syV5osN2Xq8YSOSJz-mw**,2
85syV5osN2XQc0vlO1TQKQ**,1
85syV5osN2XQcuC68fS8_Q**,1
85syV5osN2XqEBl6udcRiA**,1
85syV5osN2XQfNx7soqCzQ**,1
85syV5osN2XQHBEsqJSYew**,1
85syV5osN2XQhdjOmVuvyQ**,1
85syV5osN2XqJz5Oo9nhfw**,1
85syV5osN2XqnNTFJfL3tg**,1
85syV5osN2XQQx91zq-pQg**,1
85syV5osN2XQSe4QlKG8pA**,1
85syV5osN2Xqvc1IWI5gjA**,1
85syV5osN2XQWocJDh-ayQ**,1
85syV5osN2XqxPMLadEblQ**,1
85syV5osN2XR_4NaDtM7Tg**,1
85syV5osN2XR0Hosj6aylw**,1
85syV5osN2XR5YQjw432Yg**,1
85syV5osN2Xr7gql_hLotA**,1
85syV5osN2Xr7O_RS_I-jQ**,1
85syV5osN2XRB-ChOPrRww**,1
85syV5osN2XrBdGSLPf_LA**,1
85syV5osN2XrCpwDY9OMsg**,1
85syV5osN2XRcun_0wlv8A**,1
85syV5osN2XRDxC-PjtBEw**,1
85syV5osN2XrFxNc3ulGsg**,1
85syV5osN2Xrg5qCrReskA**,1
85syV5osN2XRJQC92Lg3aA**,1
85syV5osN2XRjZD6gwSu2w**,1
85syV5osN2XRl10MdzlUgQ**,1
85syV5osN2Xrl3bHuDOAcQ**,1
85syV5osN2XRmPSm4hVxqQ**,1
85syV5osN2XRN2izEA03og**,1
85syV5osN2XrNTReAIjhgQ**,1
85syV5osN2XRNV0XVtiJqw**,1
85syV5osN2XrRUMpXpx8pQ**,1
85syV5osN2XrsH9OgglktA**,1
85syV5osN2XrVuTnzCO_rA**,1
85syV5osN2XrWEa5W70_zw**,1
85syV5osN2XRWgAhO7FojA**,1
85syV5osN2Xs2bJEbs8dtA**,1
85syV5osN2Xs71BozxfyVg**,1
85syV5osN2XS8SXhviwYjQ**,1
85syV5osN2Xs9u8LRda4eA**,1
85syV5osN2XSbX5Y9Ijhiw**,1
85syV5osN2XSC-nL7rATUA**,1
85syV5osN2XsDOrLJjU6eQ**,1
85syV5osN2XSFAR7XpdKCw**,1
85syV5osN2XsGiGAfjORqw**,1
85syV5osN2XSHkbDPdP2yQ**,1
85syV5osN2XSHX_VVsHM5w**,1
85syV5osN2XsI3JVeICstg**,1
85syV5osN2XSJL5udhrO0g**,1
85syV5osN2XSmTB8vFqBWw**,1
85syV5osN2XsPlIjvAU2AA**,1
85syV5osN2Xsqyj4iZrrSg**,1
85syV5osN2XsR9V1zsYXkw**,1
85syV5osN2XsrRUd9MCuqw**,1
85syV5osN2XSzmcmI9M-Wg**,1
85syV5osN2XT2KBx3NkvIQ**,1
85syV5osN2Xt2xdHy0kRlg**,1
85syV5osN2Xt3fMFnzWRqw**,1
85syV5osN2XT5xE_4FS_UA**,1
85syV5osN2XtAgu3uMuLyg**,1
85syV5osN2XTCYnLoE1feQ**,1
85syV5osN2XtefaC1L3dbQ**,1
85syV5osN2XtI2hZN_36Rg**,1
85syV5osN2XtiIUNrKmb9g**,1
85syV5osN2XtQpmMkse7-w**,1
85syV5osN2XtQqs3Yruojw**,1
85syV5osN2XtR7ZDyY0wHw**,1
85syV5osN2XTsjKByCAbtg**,1
85syV5osN2XTtaS8HiOT9w**,1
85syV5osN2XTX1I4iwegeA**,1
85syV5osN2XtX9ev5r6WdQ**,1
85syV5osN2XtXDqSqvymeQ**,1
85syV5osN2XU41Qo0O6Xyg**,1
85syV5osN2Xu4BLwmi34QA**,1
85syV5osN2XU7L5D-IwKSg**,1
85syV5osN2XU7yz9ovQ7QQ**,1
85syV5osN2XuAOsGOUAlwg**,1
85syV5osN2XUBgVr8jKDEA**,1
85syV5osN2XUeJYnHrHYTQ**,1
85syV5osN2XUF5qJpIO4DA**,1
85syV5osN2XUgeoQ6_84fQ**,1
85syV5osN2XugpBwYt4SQw**,1
85syV5osN2XUIx_-P5f3YA**,1
85syV5osN2XUkn83B9OzmQ**,1
85syV5osN2XUkXY7Ed4Lvg**,1
85syV5osN2XUlBmTEZOQyA**,2
85syV5osN2XUllL_CVcjeg**,1
85syV5osN2XUMo5Jph4kAw**,1
85syV5osN2XUqDYea5EeOQ**,1
85syV5osN2XUqFqWJ5fJeA**,1
85syV5osN2XUSMMDfyJSCA**,1
85syV5osN2XuTY_PDW3h6g**,1
85syV5osN2XuV_HBYMkTBw**,1
85syV5osN2XUvceAd2Ld-w**,1
85syV5osN2XuX_GnH__2oA**,1
85syV5osN2XUzn26NXNYUA**,1
85syV5osN2XuZNJI4a-UCw**,1
85syV5osN2Xv-XRziW1IEA**,1
85syV5osN2XV_MRJ-brh5g**,1
85syV5osN2Xv0SogFbH93g**,1
85syV5osN2XV21eT5nSqmQ**,1
85syV5osN2Xv3ox2Sq45oQ**,1
85syV5osN2Xv5TWVI74wDg**,1
85syV5osN2Xv8BIzLyX4Ww**,1
85syV5osN2XV8i4Rdq7ptA**,1
85syV5osN2XvCtbN_9cZXA**,1
85syV5osN2XVFC7FOb0Q_g**,1
85syV5osN2XVhk9gF3Z7bg**,1
85syV5osN2XviES9stV8Pg**,1
85syV5osN2XVl3infiMxiw**,1
85syV5osN2XVqojivvxfwg**,1
85syV5osN2XVsdznWk6VrQ**,1
85syV5osN2XvSLuS-AfNoQ**,1
85syV5osN2XVTMUNVOtmSg**,1
85syV5osN2XVuupOJWnfCQ**,1
85syV5osN2XvXTTdV0RW1Q**,1
85syV5osN2XVz6A5VqZWhw**,1
85syV5osN2XW2nr7mBLaqw**,1
85syV5osN2Xw3Ty8cTxeog**,1
85syV5osN2Xw54jphKoZ1A**,1
85syV5osN2Xw6UbEkgvQXw**,1
85syV5osN2XWAXo3VIx3PQ**,1
85syV5osN2XweRC7zdkCIA**,1
85syV5osN2Xwg5t3XmBMDQ**,1
85syV5osN2Xwh-v2eyGI1g**,1
85syV5osN2XwiTU9a-_Olw**,1
85syV5osN2XWjAUJaqxcmQ**,1
85syV5osN2XWjYWDAgfTtA**,1
85syV5osN2XwK5zAGklQKw**,1
85syV5osN2XwKy8oDt3glQ**,1
85syV5osN2XWl1vn3QP4Gw**,1
85syV5osN2XwomdRkzDYfQ**,1
85syV5osN2XWPi1CAp7Rvg**,1
85syV5osN2XwQV9doANUcg**,1
85syV5osN2XWsV7Q5ymaMQ**,1
85syV5osN2XWXXCZe_jB9g**,1
85syV5osN2XwZE_GJ-M9aQ**,1
85syV5osN2XX_5T7E5E9QQ**,1
85syV5osN2Xx_XxmaVfMaQ**,1
85syV5osN2Xx008Y7bFOVg**,1
85syV5osN2XX0vwO0MWUGg**,1
85syV5osN2XX5MKjRgm24Q**,1
85syV5osN2Xx717UkVOfMw**,1
85syV5osN2Xx75P9jW8Oyw**,1
85syV5osN2XxC1VY0S7jqQ**,1
85syV5osN2XxdWRQXa380A**,1
85syV5osN2XxJWHu2drP0g**,1
85syV5osN2XxLccNoW0D1Q**,1
85syV5osN2XxLPDC56U40A**,1
85syV5osN2XxmT-dVK_Veg**,1
85syV5osN2XXoWZRjkLuNA**,1
85syV5osN2XXr4n3xcL6Bw**,1
85syV5osN2XxRR8Yv3alpw**,1
85syV5osN2XxuFql1ZKKLQ**,1
85syV5osN2XxzLCOagJpRQ**,1
85syV5osN2XY_Sq9PO_Isw**,1
85syV5osN2XY9B9vpA1dmw**,1
85syV5osN2XyA1jxsTVU_g**,1
85syV5osN2XYbr38cx0JwQ**,1
85syV5osN2XYf3qEKvUv0A**,1
85syV5osN2XygSBWZr4E8w**,1
85syV5osN2XYGyYZR9eqRg**,1
85syV5osN2XYLYZ2bDUmhQ**,1
85syV5osN2XymmKHV39dqA**,1
85syV5osN2XYmnkaHlo-Rg**,1
85syV5osN2XYmTYp_A3o2w**,1
85syV5osN2XYO7KKgmgu5A**,1
85syV5osN2XyOo1qVQlrew**,1
85syV5osN2XYp9Zr3L1ghA**,1
85syV5osN2XYTL6m8NA3dA**,1
85syV5osN2XYU0wEfg-lCQ**,1
85syV5osN2XYUIUtocJiHQ**,1
85syV5osN2XYvPfnai20iw**,1
85syV5osN2Xz2GP1QWlQuQ**,1
85syV5osN2Xz2Sh3HqKZMw**,1
85syV5osN2Xz4xNZlXE_BQ**,1
85syV5osN2XZ5odnBSPLkw**,1
85syV5osN2Xz6bkv9xqnkA**,1
85syV5osN2Xz9DG93voJrw**,1
85syV5osN2Xz9tSo8zA2aA**,1
85syV5osN2XZATT0Rp7JzQ**,1
85syV5osN2XZbqT39TOaRw**,1
85syV5osN2XzcokS2RnIcQ**,1
85syV5osN2XZcRT56Lx3PA**,1
85syV5osN2XzElqY3hZJLQ**,1
85syV5osN2XZgVjC7IxX1A**,1
85syV5osN2XzlJPHZWt71A**,1
85syV5osN2XzM870Z9wstQ**,1
85syV5osN2XZN_Ci-Fo9Mw**,1
85syV5osN2XzOGDbDtV0jg**,1
85syV5osN2XZpjdhaU37vw**,1
85syV5osN2XZQa8FURB6-w**,1
85syV5osN2XZrroDus4D8g**,1
85syV5osN2XzRz3sigwP0g**,1
85syV5osN2XZs9YfWqEKrw**,1
85syV5osN2Xzu2avK1aadg**,1
85syV5osN2XZvVrl40OdXQ**,2
85syV5osN2XZVwJ-GIBzkQ**,1
NA,160
